-- phpMyAdmin SQL Dump
-- version 5.2.1deb3
-- https://www.phpmyadmin.net/
--
-- Hôte : localhost:3306
-- Généré le : ven. 13 juin 2025 à 10:42
-- Version du serveur : 10.11.13-MariaDB-0ubuntu0.24.04.1
-- Version de PHP : 8.3.17

SET SQL_MODE = "NO_AUTO_VALUE_ON_ZERO";
START TRANSACTION;
SET time_zone = "+00:00";


/*!40101 SET @OLD_CHARACTER_SET_CLIENT=@@CHARACTER_SET_CLIENT */;
/*!40101 SET @OLD_CHARACTER_SET_RESULTS=@@CHARACTER_SET_RESULTS */;
/*!40101 SET @OLD_COLLATION_CONNECTION=@@COLLATION_CONNECTION */;
/*!40101 SET NAMES utf8mb4 */;

--
-- Base de données : `Wuwa`
--
CREATE DATABASE IF NOT EXISTS `Wuwa` DEFAULT CHARACTER SET utf8mb4 COLLATE utf8mb4_general_ci;
USE `Wuwa`;

-- --------------------------------------------------------

--
-- Structure de la table `boosted_items`
--

CREATE TABLE `boosted_items` (
  `portal_id` int(11) NOT NULL,
  `character_id` int(11) NOT NULL,
  `weapon_id` int(11) NOT NULL
) ENGINE=InnoDB DEFAULT CHARSET=utf8mb4 COLLATE=utf8mb4_general_ci;

--
-- Déchargement des données de la table `boosted_items`
--

INSERT INTO `boosted_items` (`portal_id`, `character_id`, `weapon_id`) VALUES
(31, 1, 34),
(31, 1, 50),
(31, 1, 51),
(32, 1, 1),
(32, 7, 1),
(32, 24, 1);

-- --------------------------------------------------------

--
-- Structure de la table `Character`
--

CREATE TABLE `Character` (
  `id` int(11) NOT NULL,
  `Nom` varchar(255) NOT NULL,
  `LienVersBuild` varchar(255) NOT NULL,
  `Nombre` int(11) NOT NULL,
  `LienImage` varchar(255) NOT NULL,
  `Type` varchar(255) NOT NULL,
  `rarity` int(1) NOT NULL,
  `perma` tinyint(1) NOT NULL
) ENGINE=InnoDB DEFAULT CHARSET=utf8mb4 COLLATE=utf8mb4_general_ci;

--
-- Déchargement des données de la table `Character`
--

INSERT INTO `Character` (`id`, `Nom`, `LienVersBuild`, `Nombre`, `LienImage`, `Type`, `rarity`, `perma`) VALUES
(1, 'Aalto', 'https://wutheringlab.com/character/aalto-build/', 14, 'https://wutheringlab.com/wp-content/uploads/2023/06/Wuthering-Wave-Aalto.png', 'Aero', 4, 1),
(2, 'Yangyang', 'https://wutheringlab.com/character/yangyang-build/', 12, 'https://wutheringlab.com/wp-content/uploads/2023/06/Wuthering-Wave-YangYang.png', 'Aero', 4, 1),
(3, 'Encore', 'https://wutheringlab.com/character/encore-build/', 1, 'https://wutheringlab.com/wp-content/uploads/2023/06/Wuthering-Waves-Anke.png', 'Fusion', 5, 1),
(4, 'Verina', 'https://wutheringlab.com/character/verina-build/', 7, 'https://wutheringlab.com/wp-content/uploads/Wuthering-Waves-Verina.webp', 'Spectro', 5, 1),
(5, 'Rover', 'https://wutheringlab.com/character/rover-build/', 7, 'https://wutheringlab.com/wp-content/uploads/2023/06/Wuthering-Waves-Rover.png', 'Spectro', 5, 0),
(6, 'Yinlin', 'https://wutheringlab.com/character/yinlin-build/', 2, 'https://wutheringlab.com/wp-content/uploads//yinlin-1.png', 'Electro', 5, 0),
(7, 'Baizhi', 'https://wutheringlab.com/character/baizhi-build/', 14, 'https://wutheringlab.com/wp-content/uploads/2023/06/Wuthering-Waves-Bailian.png', 'Glacio', 4, 1),
(8, 'Chixia', 'https://wutheringlab.com/character/chixia-build/', 7, 'https://wutheringlab.com/wp-content/uploads/2023/06/Wuthering-Waves-Chixia.png', 'Fusion', 4, 1),
(9, 'Danjin', 'https://wutheringlab.com/character/danjin-build/', 13, 'https://wutheringlab.com/wp-content/uploads/2023/06/Wuthering-Waves-Danjin.png', 'Havoc', 4, 1),
(10, 'Mortefi', 'https://wutheringlab.com/character/mortefi-build/', 12, 'https://wutheringlab.com/wp-content/uploads/2023/06/Wuthering-Waves-Mortefi.png', 'Fusion', 4, 1),
(11, 'Sanhua', 'https://wutheringlab.com/character/sanhua-build/', 12, 'https://wutheringlab.com/wp-content/uploads/2023/06/Wuthering-Waves-Sanhua.png', 'Glacio', 4, 1),
(12, 'Taoqi', 'https://wutheringlab.com/character/taoqi-build/', 9, 'https://wutheringlab.com/wp-content/uploads/2023/06/Wuthering-Waves-Taoqi.png', 'Havoc', 4, 1),
(13, 'Yuanwu', 'https://wutheringlab.com/character/yuanwu-build/', 4, 'https://wutheringlab.com/wp-content/uploads/2023/06/Wuthering-Waves-Yuanwu.png', 'Electro', 4, 1),
(14, 'Calcharo', 'https://wutheringlab.com/character/calcharo-build/', 5, 'https://wutheringlab.com/wp-content/uploads//Wuthering-Waves-Calcharo.png', 'Electro', 5, 1),
(15, 'Lingyang', 'https://wutheringlab.com/character/lingyang-build/', 4, 'https://wutheringlab.com/wp-content/uploads//Wuthering-Waves-Lingyang.png', 'Glacio', 5, 1),
(16, 'Jianxin', 'https://wutheringlab.com/character/jianxin-build/', 4, 'https://wutheringlab.com/wp-content/uploads//Wuthering-Waves-Jianxin.png', 'Aero', 5, 1),
(17, 'Rover (Havoc)', 'https://wutheringlab.com/character/rover-havoc-build/', 7, 'https://wutheringlab.com/wp-content/uploads//MC_Female.png', 'Havoc', 5, 0),
(18, 'Jiyan', 'https://wutheringlab.com/character/jiyan-build/', 1, 'https://wutheringlab.com/wp-content/uploads/2023/06/Wuthering-Waves-Jiyan.png', 'Aero', 5, 0),
(19, 'Jinhsi', 'https://wutheringlab.com/character/jinhsi-build/', 0, 'https://wutheringlab.com/wp-content/uploads//Jinshi_icon.png', 'Spectro', 5, 0),
(20, 'Changli', 'https://wutheringlab.com/character/changli-build/', 0, 'https://wutheringlab.com/wp-content/uploads//Changli_icon.png', 'Fusion', 5, 0),
(21, 'Zhezhi', 'https://wutheringlab.com/character/zhezhi-build/', 0, 'https://wutheringlab.com/wp-content/uploads//Zhezhi_icon.png', 'Glacio', 5, 0),
(22, 'Xiangli Yao', 'https://wutheringlab.com/character/xiangli-yao-build/', 0, 'https://wutheringlab.com/wp-content/uploads//Xiangli-Yao-icon.png', 'Electro', 5, 0),
(23, 'Shorekeeper', 'https://wutheringlab.com/character/shorekeeper-build/', 1, 'https://wutheringlab.com/wp-content/uploads/Shorekeeper-icon.webp', 'Spectro', 5, 0),
(24, 'Youhu', 'https://wutheringlab.com/character/youhu-build/', 20, 'https://wutheringlab.com/wp-content/uploads/Youhu-icon.webp', 'Glacio', 4, 1),
(25, 'Camellya', 'https://wutheringlab.com/character/camellya-build/', 0, 'https://wutheringlab.com/wp-content/uploads/Camellya_icon.webp', 'Havoc', 5, 0),
(26, 'Carlotta', 'https://wutheringlab.com/character/carlotta-build/', 1, 'https://wutheringlab.com/wp-content/uploads/Carlotta_icon.webp', 'Glacio', 5, 0),
(27, 'Roccia', 'https://wutheringlab.com/character/roccia-build/', 0, 'https://wutheringlab.com/wp-content/uploads/Roccia_icon.webp\r\n', 'Havoc', 5, 0),
(28, 'Lumi', 'https://wutheringlab.com/character/lumi-build/', 15, 'https://wutheringlab.com/wp-content/uploads/Lumi_icon.webp', 'Electro', 4, 1),
(29, 'Brant', 'https://wutheringlab.com/character/brant-build/', 0, 'https://wutheringlab.com/wp-content/uploads/Brant.webp', 'Fusion', 5, 0),
(30, 'Phoebe', 'https://wutheringlab.com/character/phoebe-build/', 1, 'https://wutheringlab.com/wp-content/uploads/Phoebe.webp', 'Spectro', 5, 0),
(31, 'Cantarella', 'https://wutheringlab.com/character/cantarella-build/', 0, 'https://wutheringlab.com/wp-content/uploads/Cantarella.webp', 'Havoc', 5, 0),
(32, 'Rover (Aero)', 'https://wutheringlab.com/character/rover-aero-build/', 2, 'https://wutheringlab.com/wp-content/uploads//MC_Female.png', 'Aero', 5, 0),
(33, 'Zani', 'https://wutheringlab.com/character/zani-build/', 1, 'https://wutheringlab.com/wp-content/uploads/Zani_Icon.webp', 'Spectro', 5, 0),
(34, 'Ciaccona', 'https://wutheringlab.com/character/ciaccona-build/', 1, 'https://wutheringlab.com/wp-content/uploads/Ciaccona_Icon.webp', 'Aero', 5, 0),
(35, 'Cartethyia', 'https://wutheringlab.com/character/cartethyia-build/', 15, 'https://wutheringlab.com/wp-content/uploads/Cartethyia-icon.webp', 'Aero', 5, 0);

-- --------------------------------------------------------

--
-- Structure de la table `portals`
--

CREATE TABLE `portals` (
  `id` int(11) NOT NULL,
  `name` varchar(100) NOT NULL,
  `image_url` varchar(255) NOT NULL
) ENGINE=InnoDB DEFAULT CHARSET=utf8mb4 COLLATE=utf8mb4_general_ci;

--
-- Déchargement des données de la table `portals`
--

INSERT INTO `portals` (`id`, `name`, `image_url`) VALUES
(1, 'Verdant Summit', 'VerdantSummit.png'),
(2, 'Prevail the Lasting Night', 'jiyan.png\r\n'),
(3, 'Stringmaster', 'StringMaster.png'),
(4, 'When Thunder Pour', 'yinlin.png'),
(5, 'Ages of Harvest', 'AgesOfHarvest.png'),
(6, 'Thawborn Renewal', 'jinhsi.png'),
(7, 'Blazing Brilliance', 'BlazingBrillance.png'),
(8, 'Vermillion\'s Ploy\r\n', 'changli.png'),
(9, 'Rime-Draped Sprouts', 'RimeDrapedSprouts.png'),
(10, 'Chromatic Prose', 'zhezhi.png'),
(11, 'Verity\'s Handle', 'VeritySHandle.png'),
(12, 'Celestial Revelation', 'xiangliyao.png'),
(13, 'Stellar Symphony', 'StellarSymphony.png'),
(14, 'Till the Sea Turns Clear', 'shorekeeper.png'),
(15, 'Red Spring', 'RedSpring.png'),
(16, 'End of Lost Trail', 'camellya.png'),
(17, 'The Last Dance', 'TheLastDance.png'),
(18, 'When Silence Tolls', 'Charlotta.png'),
(19, 'Tragicomedy', 'Tragicomedy.png'),
(20, 'Stage in the Box', 'roccia.png'),
(21, 'Luminous Hymn', 'LuminousHymn.png'),
(22, 'With Hushed Whispers', 'phoebe.png'),
(23, 'Unflickering Valor', 'UnflickeringVator.png'),
(24, 'Blaze Across the Deep', 'brant.png'),
(25, 'Whispers of Sirens', 'whispersOfSirens.png'),
(26, 'Neptune\'s Lullaby', 'cantarella.png'),
(27, 'Blazing Justice', 'BlazingJustice.png'),
(28, 'Between Light and Shadow\r\n', 'zani.png'),
(29, 'Woodland Aria', 'WoodlandAria.png'),
(30, 'Through Verses and Rhythms', 'ciaccona.png'),
(31, 'Defier\'s Thorn', 'DefierSThorn.png'),
(32, 'Dance in The Storm\'s Wake', 'cartethyia.png');

-- --------------------------------------------------------

--
-- Structure de la table `pulls`
--

CREATE TABLE `pulls` (
  `id` int(11) NOT NULL,
  `portal_id` int(11) NOT NULL,
  `pull_count` int(11) NOT NULL,
  `banner5` int(11) DEFAULT 0,
  `nonbanner5` int(11) DEFAULT 0,
  `stars4` int(11) DEFAULT 0,
  `created_at` timestamp NULL DEFAULT current_timestamp()
) ENGINE=InnoDB DEFAULT CHARSET=utf8mb4 COLLATE=utf8mb4_general_ci;

-- --------------------------------------------------------

--
-- Structure de la table `pull_history`
--

CREATE TABLE `pull_history` (
  `id` int(11) NOT NULL,
  `user_id` int(11) NOT NULL,
  `character_id` int(11) DEFAULT NULL,
  `weapon_id` int(11) DEFAULT NULL,
  `rarity` int(11) NOT NULL,
  `pull_number` int(11) NOT NULL,
  `total_pulls` int(11) NOT NULL,
  `portal_id` int(11) DEFAULT NULL,
  `created_at` timestamp NULL DEFAULT current_timestamp()
) ENGINE=InnoDB DEFAULT CHARSET=utf8mb4 COLLATE=utf8mb4_general_ci;

--
-- Déchargement des données de la table `pull_history`
--

INSERT INTO `pull_history` (`id`, `user_id`, `character_id`, `weapon_id`, `rarity`, `pull_number`, `total_pulls`, `portal_id`, `created_at`) VALUES
(1, 1, 8, NULL, 3, 1, 1, NULL, '2025-06-13 08:31:37'),
(2, 1, 10, NULL, 3, 2, 2, NULL, '2025-06-13 08:31:37'),
(3, 1, 9, NULL, 3, 3, 3, NULL, '2025-06-13 08:31:37'),
(4, 1, 2, NULL, 3, 4, 4, NULL, '2025-06-13 08:31:37'),
(5, 1, 14, NULL, 3, 5, 5, NULL, '2025-06-13 08:31:37'),
(6, 1, 10, NULL, 3, 6, 6, NULL, '2025-06-13 08:31:37'),
(7, 1, 7, NULL, 4, 7, 7, NULL, '2025-06-13 08:31:37'),
(8, 1, 18, NULL, 3, 8, 8, NULL, '2025-06-13 08:31:37'),
(9, 1, 2, NULL, 3, 9, 9, NULL, '2025-06-13 08:31:37'),
(10, 1, 1, NULL, 3, 10, 10, NULL, '2025-06-13 08:31:37'),
(11, 1, 2, NULL, 3, 1, 1, NULL, '2025-06-13 08:32:20'),
(12, 1, 9, NULL, 3, 2, 2, NULL, '2025-06-13 08:32:20'),
(13, 1, 16, NULL, 3, 3, 3, NULL, '2025-06-13 08:32:20'),
(15, 1, NULL, 21, 3, 1, 1, NULL, '2025-06-13 08:35:44'),
(16, 1, NULL, 1, 3, 2, 2, NULL, '2025-06-13 08:35:44'),
(17, 1, NULL, 10, 3, 3, 3, NULL, '2025-06-13 08:35:44'),
(18, 1, NULL, 17, 3, 4, 4, NULL, '2025-06-13 08:35:44'),
(19, 1, NULL, 4, 3, 5, 5, NULL, '2025-06-13 08:35:44'),
(20, 1, NULL, 9, 3, 6, 6, NULL, '2025-06-13 08:35:44'),
(21, 1, NULL, 16, 3, 7, 7, NULL, '2025-06-13 08:35:44'),
(22, 1, NULL, 4, 3, 8, 8, NULL, '2025-06-13 08:35:44'),
(23, 1, NULL, 17, 3, 9, 9, NULL, '2025-06-13 08:35:44'),
(24, 1, 12, NULL, 4, 10, 10, NULL, '2025-06-13 08:35:44'),
(25, 1, NULL, 19, 3, 1, 1, NULL, '2025-06-13 08:37:39'),
(26, 1, NULL, 14, 3, 2, 2, NULL, '2025-06-13 08:37:39'),
(27, 1, NULL, 9, 3, 3, 3, NULL, '2025-06-13 08:37:39'),
(28, 1, NULL, 4, 3, 4, 4, NULL, '2025-06-13 08:37:39'),
(29, 1, NULL, 4, 3, 5, 5, NULL, '2025-06-13 08:37:39'),
(30, 1, NULL, 9, 3, 6, 6, NULL, '2025-06-13 08:37:39'),
(31, 1, NULL, 6, 3, 7, 7, NULL, '2025-06-13 08:37:39'),
(32, 1, NULL, 3, 3, 8, 8, NULL, '2025-06-13 08:37:39'),
(33, 1, NULL, 15, 3, 9, 9, NULL, '2025-06-13 08:37:39'),
(34, 1, NULL, 55, 4, 10, 10, NULL, '2025-06-13 08:37:39'),
(35, 1, NULL, 21, 3, 1, 11, NULL, '2025-06-13 08:37:40'),
(36, 1, NULL, 12, 3, 2, 12, NULL, '2025-06-13 08:37:40'),
(37, 1, NULL, 6, 3, 1, 11, NULL, '2025-06-13 08:39:32'),
(38, 1, NULL, 14, 3, 2, 12, NULL, '2025-06-13 08:39:32'),
(39, 1, NULL, 6, 3, 3, 13, NULL, '2025-06-13 08:39:32'),
(40, 1, NULL, 15, 3, 4, 14, NULL, '2025-06-13 08:39:32'),
(41, 1, NULL, 12, 3, 5, 15, NULL, '2025-06-13 08:39:32'),
(42, 1, NULL, 17, 3, 6, 16, NULL, '2025-06-13 08:39:32'),
(43, 1, NULL, 3, 3, 7, 17, NULL, '2025-06-13 08:39:32'),
(44, 1, NULL, 12, 3, 8, 18, NULL, '2025-06-13 08:39:32'),
(45, 1, NULL, 56, 4, 9, 19, NULL, '2025-06-13 08:39:32'),
(46, 1, 28, NULL, 4, 10, 20, NULL, '2025-06-13 08:39:32'),
(47, 1, NULL, 1, 3, 1, 21, NULL, '2025-06-13 08:39:34'),
(48, 1, NULL, 1, 3, 2, 22, NULL, '2025-06-13 08:39:34'),
(49, 1, 11, NULL, 4, 3, 23, NULL, '2025-06-13 08:39:34'),
(50, 1, NULL, 17, 3, 4, 24, NULL, '2025-06-13 08:39:34'),
(51, 1, NULL, 9, 3, 5, 25, NULL, '2025-06-13 08:39:34'),
(52, 1, NULL, 12, 3, 6, 26, NULL, '2025-06-13 08:39:34'),
(53, 1, NULL, 18, 3, 7, 27, NULL, '2025-06-13 08:39:34'),
(54, 1, NULL, 13, 3, 8, 28, NULL, '2025-06-13 08:39:34'),
(55, 1, NULL, 13, 3, 9, 29, NULL, '2025-06-13 08:39:34'),
(56, 1, NULL, 10, 3, 10, 30, NULL, '2025-06-13 08:39:34'),
(57, 1, NULL, 2, 3, 1, 31, NULL, '2025-06-13 08:39:35'),
(58, 1, NULL, 16, 3, 2, 32, NULL, '2025-06-13 08:39:35'),
(59, 1, NULL, 2, 3, 3, 33, NULL, '2025-06-13 08:39:35'),
(60, 1, NULL, 20, 3, 4, 34, NULL, '2025-06-13 08:39:35'),
(61, 1, 11, NULL, 4, 5, 35, NULL, '2025-06-13 08:39:35'),
(62, 1, NULL, 9, 3, 6, 36, NULL, '2025-06-13 08:39:35'),
(63, 1, NULL, 21, 3, 7, 37, NULL, '2025-06-13 08:39:35'),
(64, 1, NULL, 20, 3, 8, 38, NULL, '2025-06-13 08:39:35'),
(65, 1, NULL, 53, 4, 9, 39, NULL, '2025-06-13 08:39:35'),
(66, 1, NULL, NULL, 5, 10, 40, NULL, '2025-06-13 08:39:35'),
(67, 1, NULL, 51, 4, 1, 41, NULL, '2025-06-13 08:39:35'),
(68, 1, NULL, 21, 3, 2, 42, NULL, '2025-06-13 08:39:35'),
(69, 1, NULL, 12, 3, 3, 43, NULL, '2025-06-13 08:39:35'),
(70, 1, NULL, 9, 3, 4, 44, NULL, '2025-06-13 08:39:35'),
(71, 1, NULL, 11, 3, 5, 45, NULL, '2025-06-13 08:39:35'),
(72, 1, NULL, 11, 3, 6, 46, NULL, '2025-06-13 08:39:35'),
(73, 1, NULL, 15, 3, 7, 47, NULL, '2025-06-13 08:39:35'),
(74, 1, NULL, 11, 3, 8, 48, NULL, '2025-06-13 08:39:35'),
(75, 1, 10, NULL, 4, 9, 49, NULL, '2025-06-13 08:39:35'),
(76, 1, NULL, 20, 3, 10, 50, NULL, '2025-06-13 08:39:35'),
(77, 1, NULL, 17, 3, 1, 51, NULL, '2025-06-13 08:39:36'),
(78, 1, NULL, 4, 3, 2, 52, NULL, '2025-06-13 08:39:36'),
(79, 1, NULL, 7, 3, 3, 53, NULL, '2025-06-13 08:39:36'),
(80, 1, NULL, 7, 3, 4, 54, NULL, '2025-06-13 08:39:36'),
(81, 1, NULL, 1, 3, 5, 55, NULL, '2025-06-13 08:39:36'),
(82, 1, NULL, 14, 3, 6, 56, NULL, '2025-06-13 08:39:36'),
(83, 1, NULL, 11, 3, 7, 57, NULL, '2025-06-13 08:39:36'),
(84, 1, NULL, 9, 3, 8, 58, NULL, '2025-06-13 08:39:36'),
(85, 1, NULL, 21, 3, 9, 59, NULL, '2025-06-13 08:39:36'),
(86, 1, NULL, 56, 4, 10, 60, NULL, '2025-06-13 08:39:36'),
(87, 1, NULL, 12, 3, 1, 61, NULL, '2025-06-13 08:39:37'),
(88, 1, NULL, 7, 3, 2, 62, NULL, '2025-06-13 08:39:37'),
(89, 1, NULL, 10, 3, 3, 63, NULL, '2025-06-13 08:39:37'),
(90, 1, NULL, 12, 3, 4, 64, NULL, '2025-06-13 08:39:37'),
(91, 1, NULL, 16, 3, 5, 65, NULL, '2025-06-13 08:39:37'),
(92, 1, NULL, 40, 4, 6, 66, NULL, '2025-06-13 08:39:37'),
(93, 1, NULL, 20, 3, 7, 67, NULL, '2025-06-13 08:39:37'),
(94, 1, NULL, 18, 3, 8, 68, NULL, '2025-06-13 08:39:37'),
(95, 1, NULL, 1, 3, 9, 69, NULL, '2025-06-13 08:39:37'),
(96, 1, NULL, 5, 3, 10, 70, NULL, '2025-06-13 08:39:37'),
(97, 1, NULL, 15, 3, 1, 71, NULL, '2025-06-13 08:39:37'),
(98, 1, NULL, 16, 3, 2, 72, NULL, '2025-06-13 08:39:37'),
(99, 1, NULL, 5, 3, 3, 73, NULL, '2025-06-13 08:39:37'),
(100, 1, NULL, 4, 3, 4, 74, NULL, '2025-06-13 08:39:37'),
(101, 1, NULL, 18, 3, 5, 75, NULL, '2025-06-13 08:39:37'),
(102, 1, NULL, 2, 3, 6, 76, NULL, '2025-06-13 08:39:37'),
(103, 1, NULL, 18, 3, 7, 77, NULL, '2025-06-13 08:39:37'),
(104, 1, NULL, 19, 3, 8, 78, NULL, '2025-06-13 08:39:37'),
(105, 1, NULL, 7, 3, 9, 79, NULL, '2025-06-13 08:39:37'),
(106, 1, 10, NULL, 4, 10, 80, NULL, '2025-06-13 08:39:37'),
(107, 1, NULL, 16, 3, 1, 81, NULL, '2025-06-13 08:39:38'),
(108, 1, NULL, 6, 3, 2, 82, NULL, '2025-06-13 08:39:38'),
(109, 1, NULL, 29, 4, 3, 83, NULL, '2025-06-13 08:39:38'),
(110, 1, NULL, 16, 3, 4, 84, NULL, '2025-06-13 08:39:38'),
(111, 1, NULL, 8, 3, 5, 85, NULL, '2025-06-13 08:39:38'),
(112, 1, 1, NULL, 4, 6, 86, NULL, '2025-06-13 08:39:38'),
(113, 1, NULL, 11, 3, 7, 87, NULL, '2025-06-13 08:39:38'),
(114, 1, NULL, 6, 3, 8, 88, NULL, '2025-06-13 08:39:38'),
(115, 1, NULL, 17, 3, 9, 89, NULL, '2025-06-13 08:39:38'),
(116, 1, NULL, 1, 3, 10, 90, NULL, '2025-06-13 08:39:38'),
(117, 1, NULL, 19, 3, 1, 91, NULL, '2025-06-13 08:39:38'),
(118, 1, NULL, 4, 3, 2, 92, NULL, '2025-06-13 08:39:38'),
(119, 1, NULL, 42, 4, 3, 93, NULL, '2025-06-13 08:39:38'),
(120, 1, NULL, 11, 3, 4, 94, NULL, '2025-06-13 08:39:38'),
(121, 1, NULL, 18, 3, 5, 95, NULL, '2025-06-13 08:39:38'),
(122, 1, NULL, 18, 3, 6, 96, NULL, '2025-06-13 08:39:38'),
(123, 1, NULL, 20, 3, 7, 97, NULL, '2025-06-13 08:39:38'),
(124, 1, 11, NULL, 4, 8, 98, NULL, '2025-06-13 08:39:38'),
(125, 1, NULL, 5, 3, 9, 99, NULL, '2025-06-13 08:39:38'),
(126, 1, NULL, 21, 3, 10, 100, NULL, '2025-06-13 08:39:38'),
(127, 1, NULL, 16, 3, 1, 101, NULL, '2025-06-13 08:39:39'),
(128, 1, NULL, 17, 3, 2, 102, NULL, '2025-06-13 08:39:39'),
(129, 1, NULL, 18, 3, 3, 103, NULL, '2025-06-13 08:39:39'),
(130, 1, NULL, 15, 3, 4, 104, NULL, '2025-06-13 08:39:39'),
(131, 1, NULL, 52, 4, 5, 105, NULL, '2025-06-13 08:39:39'),
(132, 1, NULL, 4, 3, 6, 106, NULL, '2025-06-13 08:39:39'),
(133, 1, NULL, 3, 3, 7, 107, NULL, '2025-06-13 08:39:39'),
(134, 1, NULL, 16, 3, 8, 108, NULL, '2025-06-13 08:39:39'),
(135, 1, NULL, 1, 3, 9, 109, NULL, '2025-06-13 08:39:39'),
(136, 1, NULL, 4, 3, 10, 110, NULL, '2025-06-13 08:39:39'),
(137, 1, NULL, 1, 3, 1, 111, NULL, '2025-06-13 08:39:39'),
(138, 1, NULL, 19, 3, 2, 112, NULL, '2025-06-13 08:39:39'),
(139, 1, NULL, 3, 3, 3, 113, NULL, '2025-06-13 08:39:39'),
(140, 1, NULL, 11, 3, 4, 114, NULL, '2025-06-13 08:39:39'),
(141, 1, NULL, 14, 3, 5, 115, NULL, '2025-06-13 08:39:39'),
(142, 1, NULL, 1, 3, 6, 116, NULL, '2025-06-13 08:39:39'),
(143, 1, NULL, 16, 3, 7, 117, NULL, '2025-06-13 08:39:39'),
(144, 1, NULL, 11, 3, 8, 118, NULL, '2025-06-13 08:39:39'),
(145, 1, NULL, 7, 3, 9, 119, NULL, '2025-06-13 08:39:39'),
(146, 1, NULL, NULL, 5, 10, 120, NULL, '2025-06-13 08:39:39'),
(147, 1, NULL, 14, 3, 1, 121, NULL, '2025-06-13 08:39:40'),
(148, 1, NULL, 5, 3, 2, 122, NULL, '2025-06-13 08:39:40'),
(149, 1, NULL, 38, 4, 3, 123, NULL, '2025-06-13 08:39:40'),
(150, 1, 12, NULL, 4, 4, 124, NULL, '2025-06-13 08:39:40'),
(151, 1, 28, NULL, 4, 5, 125, NULL, '2025-06-13 08:39:40'),
(152, 1, NULL, 13, 3, 6, 126, NULL, '2025-06-13 08:39:40'),
(153, 1, 12, NULL, 4, 7, 127, NULL, '2025-06-13 08:39:40'),
(154, 1, NULL, 4, 3, 8, 128, NULL, '2025-06-13 08:39:40'),
(155, 1, NULL, 1, 3, 9, 129, NULL, '2025-06-13 08:39:40'),
(156, 1, NULL, 4, 3, 10, 130, NULL, '2025-06-13 08:39:40'),
(157, 1, NULL, 8, 3, 1, 131, NULL, '2025-06-13 08:39:41'),
(158, 1, NULL, 6, 3, 2, 132, NULL, '2025-06-13 08:39:41'),
(159, 1, NULL, 21, 3, 3, 133, NULL, '2025-06-13 08:39:41'),
(160, 1, NULL, 17, 3, 4, 134, NULL, '2025-06-13 08:39:41'),
(161, 1, NULL, 6, 3, 5, 135, NULL, '2025-06-13 08:39:41'),
(162, 1, NULL, 39, 4, 6, 136, NULL, '2025-06-13 08:39:41'),
(163, 1, NULL, 11, 3, 7, 137, NULL, '2025-06-13 08:39:41'),
(164, 1, NULL, 12, 3, 8, 138, NULL, '2025-06-13 08:39:41'),
(165, 1, NULL, 23, 4, 9, 139, NULL, '2025-06-13 08:39:41'),
(166, 1, 2, NULL, 4, 10, 140, NULL, '2025-06-13 08:39:41'),
(167, 1, NULL, 19, 3, 1, 141, NULL, '2025-06-13 08:39:41'),
(168, 1, NULL, 5, 3, 2, 142, NULL, '2025-06-13 08:39:41'),
(169, 1, NULL, 6, 3, 3, 143, NULL, '2025-06-13 08:39:41'),
(170, 1, NULL, 14, 3, 4, 144, NULL, '2025-06-13 08:39:41'),
(171, 1, NULL, 24, 4, 5, 145, NULL, '2025-06-13 08:39:41'),
(172, 1, NULL, 14, 3, 6, 146, NULL, '2025-06-13 08:39:41'),
(173, 1, NULL, 14, 3, 7, 147, NULL, '2025-06-13 08:39:41'),
(174, 1, NULL, 16, 3, 8, 148, NULL, '2025-06-13 08:39:41'),
(175, 1, NULL, 7, 3, 9, 149, NULL, '2025-06-13 08:39:41'),
(176, 1, NULL, 9, 3, 10, 150, NULL, '2025-06-13 08:39:41'),
(177, 1, 28, NULL, 4, 1, 151, NULL, '2025-06-13 08:39:42'),
(178, 1, NULL, 51, 4, 2, 152, NULL, '2025-06-13 08:39:42'),
(179, 1, NULL, 10, 3, 3, 153, NULL, '2025-06-13 08:39:42'),
(180, 1, NULL, 4, 3, 4, 154, NULL, '2025-06-13 08:39:42'),
(181, 1, NULL, 17, 3, 5, 155, NULL, '2025-06-13 08:39:42'),
(182, 1, NULL, 21, 3, 6, 156, NULL, '2025-06-13 08:39:42'),
(183, 1, NULL, 12, 3, 7, 157, NULL, '2025-06-13 08:39:42'),
(184, 1, NULL, 5, 3, 8, 158, NULL, '2025-06-13 08:39:42'),
(185, 1, NULL, 1, 3, 9, 159, NULL, '2025-06-13 08:39:42'),
(186, 1, 8, NULL, 4, 10, 160, NULL, '2025-06-13 08:39:42'),
(187, 1, NULL, 15, 3, 1, 161, NULL, '2025-06-13 08:39:42'),
(188, 1, NULL, 11, 3, 2, 162, NULL, '2025-06-13 08:39:42'),
(189, 1, NULL, 4, 3, 3, 163, NULL, '2025-06-13 08:39:42'),
(190, 1, NULL, 12, 3, 4, 164, NULL, '2025-06-13 08:39:42'),
(191, 1, NULL, 20, 3, 5, 165, NULL, '2025-06-13 08:39:42'),
(192, 1, NULL, 16, 3, 6, 166, NULL, '2025-06-13 08:39:42'),
(193, 1, NULL, 5, 3, 7, 167, NULL, '2025-06-13 08:39:42'),
(194, 1, NULL, 13, 3, 8, 168, NULL, '2025-06-13 08:39:42'),
(195, 1, NULL, 7, 3, 9, 169, NULL, '2025-06-13 08:39:42'),
(196, 1, 28, NULL, 4, 10, 170, NULL, '2025-06-13 08:39:42'),
(197, 1, NULL, 10, 3, 1, 171, NULL, '2025-06-13 08:39:43'),
(198, 1, NULL, 5, 3, 2, 172, NULL, '2025-06-13 08:39:43'),
(199, 1, NULL, 4, 3, 3, 173, NULL, '2025-06-13 08:39:43'),
(200, 1, NULL, 2, 3, 4, 174, NULL, '2025-06-13 08:39:43'),
(201, 1, NULL, 10, 3, 5, 175, NULL, '2025-06-13 08:39:43'),
(202, 1, NULL, 14, 3, 6, 176, NULL, '2025-06-13 08:39:43'),
(203, 1, NULL, 18, 3, 7, 177, NULL, '2025-06-13 08:39:43'),
(204, 1, NULL, 15, 3, 8, 178, NULL, '2025-06-13 08:39:43'),
(205, 1, NULL, 6, 3, 9, 179, NULL, '2025-06-13 08:39:43'),
(206, 1, NULL, 37, 4, 10, 180, NULL, '2025-06-13 08:39:43'),
(207, 1, 8, NULL, 4, 1, 181, NULL, '2025-06-13 08:39:43'),
(208, 1, NULL, 2, 3, 2, 182, NULL, '2025-06-13 08:39:43'),
(209, 1, NULL, 19, 3, 3, 183, NULL, '2025-06-13 08:39:43'),
(210, 1, NULL, 9, 3, 4, 184, NULL, '2025-06-13 08:39:43'),
(211, 1, NULL, 6, 3, 5, 185, NULL, '2025-06-13 08:39:43'),
(212, 1, NULL, 15, 3, 6, 186, NULL, '2025-06-13 08:39:43'),
(213, 1, NULL, 13, 3, 7, 187, NULL, '2025-06-13 08:39:43'),
(214, 1, NULL, 15, 3, 8, 188, NULL, '2025-06-13 08:39:43'),
(215, 1, NULL, 39, 4, 9, 189, NULL, '2025-06-13 08:39:43'),
(216, 1, NULL, 14, 3, 10, 190, NULL, '2025-06-13 08:39:43'),
(217, 1, NULL, 12, 3, 1, 191, NULL, '2025-06-13 08:39:44'),
(218, 1, NULL, 2, 3, 2, 192, NULL, '2025-06-13 08:39:44'),
(219, 1, NULL, 3, 3, 3, 193, NULL, '2025-06-13 08:39:44'),
(220, 1, NULL, 9, 3, 4, 194, NULL, '2025-06-13 08:39:44'),
(221, 1, 12, NULL, 4, 5, 195, NULL, '2025-06-13 08:39:44'),
(222, 1, NULL, 10, 3, 6, 196, NULL, '2025-06-13 08:39:44'),
(223, 1, NULL, 8, 3, 7, 197, NULL, '2025-06-13 08:39:44'),
(224, 1, NULL, 4, 3, 8, 198, NULL, '2025-06-13 08:39:44'),
(225, 1, NULL, 6, 3, 9, 199, NULL, '2025-06-13 08:39:44'),
(226, 1, NULL, NULL, 5, 10, 200, NULL, '2025-06-13 08:39:44'),
(227, 1, NULL, 3, 3, 1, 201, NULL, '2025-06-13 08:39:57'),
(228, 1, NULL, 19, 3, 2, 202, NULL, '2025-06-13 08:39:57'),
(229, 1, NULL, 5, 3, 3, 203, NULL, '2025-06-13 08:39:57'),
(230, 1, NULL, 5, 3, 4, 204, NULL, '2025-06-13 08:39:57'),
(231, 1, NULL, 13, 3, 5, 205, NULL, '2025-06-13 08:39:57'),
(232, 1, NULL, 18, 3, 6, 206, NULL, '2025-06-13 08:39:57'),
(233, 1, NULL, 13, 3, 7, 207, NULL, '2025-06-13 08:39:57'),
(234, 1, NULL, 6, 3, 8, 208, NULL, '2025-06-13 08:39:57'),
(235, 1, NULL, 3, 3, 9, 209, NULL, '2025-06-13 08:39:57'),
(236, 1, NULL, 22, 4, 10, 210, NULL, '2025-06-13 08:39:57'),
(237, 1, NULL, 7, 3, 1, 211, NULL, '2025-06-13 08:39:59'),
(238, 1, NULL, 10, 3, 2, 212, NULL, '2025-06-13 08:39:59'),
(239, 1, NULL, 11, 3, 3, 213, NULL, '2025-06-13 08:39:59'),
(240, 1, NULL, 8, 3, 4, 214, NULL, '2025-06-13 08:39:59'),
(241, 1, NULL, 1, 3, 5, 215, NULL, '2025-06-13 08:39:59'),
(242, 1, NULL, 12, 3, 6, 216, NULL, '2025-06-13 08:39:59'),
(243, 1, NULL, 12, 3, 7, 217, NULL, '2025-06-13 08:39:59'),
(244, 1, NULL, 20, 3, 8, 218, NULL, '2025-06-13 08:39:59'),
(245, 1, NULL, 7, 3, 9, 219, NULL, '2025-06-13 08:39:59'),
(246, 1, NULL, 28, 4, 10, 220, NULL, '2025-06-13 08:39:59'),
(247, 1, NULL, 8, 3, 1, 221, NULL, '2025-06-13 08:39:59'),
(248, 1, NULL, 9, 3, 2, 222, NULL, '2025-06-13 08:39:59'),
(249, 1, NULL, 6, 3, 3, 223, NULL, '2025-06-13 08:39:59'),
(250, 1, NULL, 10, 3, 4, 224, NULL, '2025-06-13 08:39:59'),
(251, 1, NULL, 9, 3, 5, 225, NULL, '2025-06-13 08:39:59'),
(252, 1, NULL, 4, 3, 6, 226, NULL, '2025-06-13 08:39:59'),
(253, 1, NULL, 1, 3, 7, 227, NULL, '2025-06-13 08:39:59'),
(254, 1, 28, NULL, 4, 8, 228, NULL, '2025-06-13 08:39:59'),
(255, 1, NULL, 8, 3, 9, 229, NULL, '2025-06-13 08:39:59'),
(256, 1, NULL, 5, 3, 10, 230, NULL, '2025-06-13 08:39:59'),
(257, 1, NULL, 9, 3, 1, 231, NULL, '2025-06-13 08:40:00'),
(258, 1, NULL, 12, 3, 2, 232, NULL, '2025-06-13 08:40:00'),
(259, 1, 7, NULL, 4, 3, 233, NULL, '2025-06-13 08:40:00'),
(260, 1, NULL, 18, 3, 4, 234, NULL, '2025-06-13 08:40:00'),
(261, 1, NULL, 9, 3, 5, 235, NULL, '2025-06-13 08:40:00'),
(262, 1, NULL, 3, 3, 6, 236, NULL, '2025-06-13 08:40:00'),
(263, 1, NULL, 11, 3, 7, 237, NULL, '2025-06-13 08:40:00'),
(264, 1, NULL, 12, 3, 8, 238, NULL, '2025-06-13 08:40:00'),
(265, 1, NULL, 14, 3, 9, 239, NULL, '2025-06-13 08:40:00'),
(266, 1, NULL, 20, 3, 10, 240, NULL, '2025-06-13 08:40:00'),
(267, 1, NULL, 6, 3, 1, 241, NULL, '2025-06-13 08:40:00'),
(268, 1, NULL, 5, 3, 2, 242, NULL, '2025-06-13 08:40:00'),
(269, 1, NULL, 9, 3, 3, 243, NULL, '2025-06-13 08:40:00'),
(270, 1, NULL, 14, 3, 4, 244, NULL, '2025-06-13 08:40:00'),
(271, 1, NULL, 20, 3, 5, 245, NULL, '2025-06-13 08:40:00'),
(272, 1, NULL, 13, 3, 6, 246, NULL, '2025-06-13 08:40:00'),
(273, 1, NULL, 18, 3, 7, 247, NULL, '2025-06-13 08:40:00'),
(274, 1, NULL, 2, 3, 8, 248, NULL, '2025-06-13 08:40:00'),
(275, 1, NULL, 39, 4, 9, 249, NULL, '2025-06-13 08:40:00'),
(276, 1, NULL, 6, 3, 10, 250, NULL, '2025-06-13 08:40:00'),
(277, 1, NULL, 2, 3, 1, 251, NULL, '2025-06-13 08:40:01'),
(278, 1, NULL, 21, 3, 2, 252, NULL, '2025-06-13 08:40:01'),
(279, 1, NULL, 19, 3, 3, 253, NULL, '2025-06-13 08:40:01'),
(280, 1, NULL, 14, 3, 4, 254, NULL, '2025-06-13 08:40:01'),
(281, 1, NULL, 5, 3, 5, 255, NULL, '2025-06-13 08:40:01'),
(282, 1, NULL, 6, 3, 6, 256, NULL, '2025-06-13 08:40:01'),
(283, 1, NULL, 2, 3, 7, 257, NULL, '2025-06-13 08:40:01'),
(284, 1, NULL, 18, 3, 8, 258, NULL, '2025-06-13 08:40:01'),
(285, 1, NULL, 11, 3, 9, 259, NULL, '2025-06-13 08:40:01'),
(286, 1, 9, NULL, 4, 10, 260, NULL, '2025-06-13 08:40:01'),
(287, 1, NULL, 13, 3, 1, 261, NULL, '2025-06-13 08:40:01'),
(288, 1, NULL, 20, 3, 2, 262, NULL, '2025-06-13 08:40:01'),
(289, 1, NULL, 21, 3, 3, 263, NULL, '2025-06-13 08:40:01'),
(290, 1, NULL, 16, 3, 4, 264, NULL, '2025-06-13 08:40:01'),
(291, 1, NULL, 5, 3, 5, 265, NULL, '2025-06-13 08:40:01'),
(292, 1, NULL, 12, 3, 6, 266, NULL, '2025-06-13 08:40:01'),
(293, 1, NULL, 21, 3, 7, 267, NULL, '2025-06-13 08:40:01'),
(294, 1, NULL, 13, 3, 8, 268, NULL, '2025-06-13 08:40:01'),
(295, 1, NULL, 1, 3, 9, 269, NULL, '2025-06-13 08:40:01'),
(296, 1, NULL, 41, 4, 10, 270, NULL, '2025-06-13 08:40:01'),
(297, 1, NULL, 16, 3, 1, 271, NULL, '2025-06-13 08:40:04'),
(298, 1, 11, NULL, 4, 2, 272, NULL, '2025-06-13 08:40:04'),
(299, 1, NULL, 33, 4, 3, 273, NULL, '2025-06-13 08:40:04'),
(300, 1, NULL, 2, 3, 4, 274, NULL, '2025-06-13 08:40:04'),
(301, 1, NULL, 17, 3, 5, 275, NULL, '2025-06-13 08:40:04'),
(302, 1, NULL, 7, 3, 6, 276, NULL, '2025-06-13 08:40:04'),
(303, 1, NULL, 1, 3, 7, 277, NULL, '2025-06-13 08:40:04'),
(304, 1, NULL, 16, 3, 8, 278, NULL, '2025-06-13 08:40:04'),
(305, 1, NULL, 19, 3, 9, 279, NULL, '2025-06-13 08:40:04'),
(306, 1, NULL, NULL, 5, 10, 280, NULL, '2025-06-13 08:40:04'),
(307, 1, NULL, 11, 3, 1, 281, NULL, '2025-06-13 08:40:08'),
(308, 1, NULL, 11, 3, 2, 282, NULL, '2025-06-13 08:40:08'),
(309, 1, NULL, 21, 3, 3, 283, NULL, '2025-06-13 08:40:08'),
(310, 1, NULL, 10, 3, 4, 284, NULL, '2025-06-13 08:40:08'),
(311, 1, NULL, 9, 3, 5, 285, NULL, '2025-06-13 08:40:08'),
(312, 1, NULL, 12, 3, 6, 286, NULL, '2025-06-13 08:40:08'),
(313, 1, NULL, 3, 3, 7, 287, NULL, '2025-06-13 08:40:08'),
(314, 1, NULL, 7, 3, 8, 288, NULL, '2025-06-13 08:40:08'),
(315, 1, NULL, 36, 4, 9, 289, NULL, '2025-06-13 08:40:08'),
(316, 1, NULL, 17, 3, 10, 290, NULL, '2025-06-13 08:40:08'),
(317, 1, NULL, 5, 3, 1, 291, NULL, '2025-06-13 08:54:51'),
(318, 1, NULL, 19, 3, 2, 292, NULL, '2025-06-13 08:54:51'),
(319, 1, NULL, 2, 3, 3, 293, NULL, '2025-06-13 08:54:51'),
(320, 1, NULL, 10, 3, 4, 294, NULL, '2025-06-13 08:54:51'),
(321, 1, NULL, 18, 3, 5, 295, NULL, '2025-06-13 08:54:51'),
(322, 1, NULL, 7, 3, 6, 296, NULL, '2025-06-13 08:54:51'),
(323, 1, NULL, 3, 3, 7, 297, NULL, '2025-06-13 08:54:51'),
(324, 1, NULL, 11, 3, 8, 298, NULL, '2025-06-13 08:54:51'),
(325, 1, NULL, 1, 3, 9, 299, NULL, '2025-06-13 08:54:51'),
(326, 1, NULL, NULL, 4, 10, 300, NULL, '2025-06-13 08:54:51'),
(327, 1, NULL, 20, 3, 1, 301, NULL, '2025-06-13 08:54:55'),
(328, 1, NULL, 16, 3, 2, 302, NULL, '2025-06-13 08:54:55'),
(329, 1, NULL, 4, 3, 3, 303, NULL, '2025-06-13 08:54:55'),
(330, 1, NULL, NULL, 4, 4, 304, NULL, '2025-06-13 08:54:55'),
(331, 1, NULL, 1, 3, 5, 305, NULL, '2025-06-13 08:54:55'),
(332, 1, NULL, 1, 3, 6, 306, NULL, '2025-06-13 08:54:55'),
(333, 1, NULL, 1, 3, 7, 307, NULL, '2025-06-13 08:54:55'),
(334, 1, NULL, 3, 3, 8, 308, NULL, '2025-06-13 08:54:55'),
(335, 1, 11, NULL, 4, 9, 309, NULL, '2025-06-13 08:54:55'),
(336, 1, NULL, 2, 3, 10, 310, NULL, '2025-06-13 08:54:55'),
(337, 1, NULL, 9, 3, 1, 311, NULL, '2025-06-13 08:54:57'),
(338, 1, 9, NULL, 4, 2, 312, NULL, '2025-06-13 08:54:57'),
(339, 1, NULL, 9, 3, 3, 313, NULL, '2025-06-13 08:54:57'),
(340, 1, NULL, 20, 3, 4, 314, NULL, '2025-06-13 08:54:57'),
(341, 1, NULL, 4, 3, 5, 315, NULL, '2025-06-13 08:54:57'),
(342, 1, NULL, 11, 3, 6, 316, NULL, '2025-06-13 08:54:57'),
(343, 1, NULL, 1, 3, 7, 317, NULL, '2025-06-13 08:54:57'),
(344, 1, NULL, 9, 3, 8, 318, NULL, '2025-06-13 08:54:57'),
(345, 1, NULL, 1, 3, 9, 319, NULL, '2025-06-13 08:54:57'),
(346, 1, NULL, 6, 3, 10, 320, NULL, '2025-06-13 08:54:57'),
(347, 1, NULL, NULL, 4, 1, 321, NULL, '2025-06-13 08:54:57'),
(348, 1, NULL, NULL, 4, 2, 322, NULL, '2025-06-13 08:54:57'),
(349, 1, NULL, 13, 3, 3, 323, NULL, '2025-06-13 08:54:58'),
(350, 1, NULL, 13, 3, 4, 324, NULL, '2025-06-13 08:54:58'),
(351, 1, NULL, 20, 3, 5, 325, NULL, '2025-06-13 08:54:58'),
(352, 1, NULL, 13, 3, 6, 326, NULL, '2025-06-13 08:54:58'),
(353, 1, NULL, 20, 3, 7, 327, NULL, '2025-06-13 08:54:58'),
(354, 1, NULL, 6, 3, 8, 328, NULL, '2025-06-13 08:54:58'),
(355, 1, NULL, 14, 3, 9, 329, NULL, '2025-06-13 08:54:58'),
(356, 1, NULL, 2, 3, 10, 330, NULL, '2025-06-13 08:54:58'),
(357, 1, NULL, 18, 3, 1, 331, NULL, '2025-06-13 08:54:59'),
(358, 1, NULL, 4, 3, 2, 332, NULL, '2025-06-13 08:54:59'),
(359, 1, NULL, 43, 4, 3, 333, NULL, '2025-06-13 08:54:59'),
(360, 1, NULL, 21, 3, 4, 334, NULL, '2025-06-13 08:54:59'),
(361, 1, NULL, 7, 3, 5, 335, NULL, '2025-06-13 08:54:59'),
(362, 1, 13, NULL, 4, 6, 336, NULL, '2025-06-13 08:54:59'),
(363, 1, NULL, 2, 3, 7, 337, NULL, '2025-06-13 08:54:59'),
(364, 1, NULL, 9, 3, 8, 338, NULL, '2025-06-13 08:54:59'),
(365, 1, NULL, 20, 3, 9, 339, NULL, '2025-06-13 08:54:59'),
(366, 1, NULL, 20, 3, 10, 340, NULL, '2025-06-13 08:54:59'),
(367, 1, NULL, 2, 3, 1, 341, NULL, '2025-06-13 08:54:59'),
(368, 1, NULL, 23, 4, 2, 342, NULL, '2025-06-13 08:54:59'),
(369, 1, NULL, 12, 3, 3, 343, NULL, '2025-06-13 08:54:59'),
(370, 1, NULL, 16, 3, 4, 344, NULL, '2025-06-13 08:54:59'),
(371, 1, NULL, 4, 3, 5, 345, NULL, '2025-06-13 08:54:59'),
(372, 1, NULL, 14, 3, 6, 346, NULL, '2025-06-13 08:54:59'),
(373, 1, NULL, 18, 3, 7, 347, NULL, '2025-06-13 08:54:59'),
(374, 1, NULL, 14, 3, 8, 348, NULL, '2025-06-13 08:54:59'),
(375, 1, NULL, 15, 3, 9, 349, NULL, '2025-06-13 08:54:59'),
(376, 1, NULL, 17, 3, 10, 350, NULL, '2025-06-13 08:54:59'),
(377, 1, NULL, 16, 3, 1, 351, NULL, '2025-06-13 08:55:00'),
(378, 1, NULL, 7, 3, 2, 352, NULL, '2025-06-13 08:55:00'),
(379, 1, NULL, 1, 3, 3, 353, NULL, '2025-06-13 08:55:00'),
(380, 1, NULL, 10, 3, 4, 354, NULL, '2025-06-13 08:55:00'),
(381, 1, NULL, 19, 3, 5, 355, NULL, '2025-06-13 08:55:00'),
(382, 1, NULL, 8, 3, 6, 356, NULL, '2025-06-13 08:55:00'),
(383, 1, NULL, 12, 3, 7, 357, NULL, '2025-06-13 08:55:00'),
(384, 1, NULL, 11, 3, 8, 358, NULL, '2025-06-13 08:55:00'),
(385, 1, NULL, 2, 3, 9, 359, NULL, '2025-06-13 08:55:00'),
(386, 1, 15, NULL, 5, 10, 360, NULL, '2025-06-13 08:55:00'),
(387, 1, NULL, 21, 3, 1, 361, NULL, '2025-06-13 08:55:01'),
(388, 1, NULL, 21, 3, 2, 362, NULL, '2025-06-13 08:55:01'),
(389, 1, NULL, 16, 3, 3, 363, NULL, '2025-06-13 08:55:01'),
(390, 1, NULL, 1, 3, 4, 364, NULL, '2025-06-13 08:55:01'),
(391, 1, NULL, 13, 3, 5, 365, NULL, '2025-06-13 08:55:01'),
(392, 1, NULL, 20, 3, 6, 366, NULL, '2025-06-13 08:55:01'),
(393, 1, 13, NULL, 4, 7, 367, NULL, '2025-06-13 08:55:01'),
(394, 1, NULL, 18, 3, 8, 368, NULL, '2025-06-13 08:55:01'),
(395, 1, NULL, 6, 3, 9, 369, NULL, '2025-06-13 08:55:01'),
(396, 1, NULL, 6, 3, 10, 370, NULL, '2025-06-13 08:55:01'),
(397, 1, NULL, 8, 3, 1, 371, NULL, '2025-06-13 08:55:02'),
(398, 1, NULL, 11, 3, 2, 372, NULL, '2025-06-13 08:55:02'),
(399, 1, NULL, 7, 3, 3, 373, NULL, '2025-06-13 08:55:02'),
(400, 1, NULL, 18, 3, 4, 374, NULL, '2025-06-13 08:55:02'),
(401, 1, NULL, 8, 3, 5, 375, NULL, '2025-06-13 08:55:02'),
(402, 1, NULL, 5, 3, 6, 376, NULL, '2025-06-13 08:55:02'),
(403, 1, NULL, 1, 3, 7, 377, NULL, '2025-06-13 08:55:02'),
(404, 1, NULL, 1, 3, 8, 378, NULL, '2025-06-13 08:55:02'),
(405, 1, NULL, NULL, 4, 9, 379, NULL, '2025-06-13 08:55:02'),
(406, 1, NULL, 16, 3, 10, 380, NULL, '2025-06-13 08:55:02'),
(407, 1, NULL, 20, 3, 1, 381, NULL, '2025-06-13 08:55:02'),
(408, 1, NULL, 5, 3, 2, 382, NULL, '2025-06-13 08:55:02'),
(409, 1, NULL, 8, 3, 3, 383, NULL, '2025-06-13 08:55:02'),
(410, 1, NULL, 1, 3, 4, 384, NULL, '2025-06-13 08:55:02'),
(411, 1, NULL, 5, 3, 5, 385, NULL, '2025-06-13 08:55:02'),
(412, 1, NULL, 7, 3, 6, 386, NULL, '2025-06-13 08:55:02'),
(413, 1, NULL, 16, 3, 7, 387, NULL, '2025-06-13 08:55:02'),
(414, 1, NULL, 4, 3, 8, 388, NULL, '2025-06-13 08:55:02'),
(415, 1, NULL, 61, 5, 9, 389, NULL, '2025-06-13 08:55:02'),
(416, 1, NULL, 31, 4, 10, 390, NULL, '2025-06-13 08:55:02'),
(417, 1, NULL, 4, 3, 1, 391, NULL, '2025-06-13 08:55:21'),
(418, 1, NULL, 12, 3, 2, 392, NULL, '2025-06-13 08:55:21'),
(419, 1, NULL, 4, 3, 3, 393, NULL, '2025-06-13 08:55:21'),
(420, 1, NULL, 1, 3, 4, 394, NULL, '2025-06-13 08:55:21'),
(421, 1, NULL, 19, 3, 5, 395, NULL, '2025-06-13 08:55:21'),
(422, 1, NULL, 13, 3, 6, 396, NULL, '2025-06-13 08:55:21'),
(423, 1, NULL, 4, 3, 7, 397, NULL, '2025-06-13 08:55:21'),
(424, 1, NULL, 10, 3, 8, 398, NULL, '2025-06-13 08:55:21'),
(425, 1, NULL, 10, 3, 9, 399, NULL, '2025-06-13 08:55:21'),
(426, 1, NULL, 25, 4, 10, 400, NULL, '2025-06-13 08:55:21'),
(427, 1, NULL, 18, 3, 1, 401, NULL, '2025-06-13 08:55:23'),
(428, 1, NULL, 9, 3, 2, 402, NULL, '2025-06-13 08:55:23'),
(429, 1, NULL, 6, 3, 3, 403, NULL, '2025-06-13 08:55:23'),
(430, 1, NULL, 12, 3, 4, 404, NULL, '2025-06-13 08:55:23'),
(431, 1, NULL, NULL, 4, 5, 405, NULL, '2025-06-13 08:55:23'),
(432, 1, NULL, 17, 3, 6, 406, NULL, '2025-06-13 08:55:23'),
(433, 1, NULL, 12, 3, 7, 407, NULL, '2025-06-13 08:55:23'),
(434, 1, NULL, 17, 3, 8, 408, NULL, '2025-06-13 08:55:23'),
(435, 1, NULL, 5, 3, 9, 409, NULL, '2025-06-13 08:55:23'),
(436, 1, NULL, 10, 3, 10, 410, NULL, '2025-06-13 08:55:23'),
(437, 1, NULL, 8, 3, 1, 411, NULL, '2025-06-13 08:55:23'),
(438, 1, NULL, 10, 3, 2, 412, NULL, '2025-06-13 08:55:23'),
(439, 1, NULL, 21, 3, 3, 413, NULL, '2025-06-13 08:55:23'),
(440, 1, NULL, 15, 3, 4, 414, NULL, '2025-06-13 08:55:23'),
(441, 1, NULL, 1, 3, 5, 415, NULL, '2025-06-13 08:55:23'),
(442, 1, NULL, 12, 3, 6, 416, NULL, '2025-06-13 08:55:23'),
(443, 1, NULL, 9, 3, 7, 417, NULL, '2025-06-13 08:55:23'),
(444, 1, NULL, 3, 3, 8, 418, NULL, '2025-06-13 08:55:23'),
(445, 1, NULL, 21, 3, 9, 419, NULL, '2025-06-13 08:55:23'),
(446, 1, NULL, 27, 4, 10, 420, NULL, '2025-06-13 08:55:23'),
(447, 1, NULL, 19, 3, 1, 421, NULL, '2025-06-13 08:57:31'),
(448, 1, NULL, 8, 3, 2, 422, NULL, '2025-06-13 08:57:31'),
(449, 1, NULL, 14, 3, 3, 423, NULL, '2025-06-13 08:57:31'),
(450, 1, NULL, 12, 3, 4, 424, NULL, '2025-06-13 08:57:31'),
(451, 1, NULL, 9, 3, 5, 425, NULL, '2025-06-13 08:57:31'),
(452, 1, NULL, 21, 3, 6, 426, NULL, '2025-06-13 08:57:31'),
(453, 1, NULL, 5, 3, 7, 427, NULL, '2025-06-13 08:57:31'),
(454, 1, NULL, 1, 3, 8, 428, NULL, '2025-06-13 08:57:31'),
(455, 1, NULL, 1, 3, 9, 429, NULL, '2025-06-13 08:57:31'),
(456, 1, 8, NULL, 4, 10, 430, NULL, '2025-06-13 08:57:31'),
(457, 1, NULL, 18, 3, 1, 431, NULL, '2025-06-13 08:58:55'),
(458, 1, NULL, 19, 3, 2, 432, NULL, '2025-06-13 08:58:55'),
(459, 1, NULL, 17, 3, 3, 433, NULL, '2025-06-13 08:58:55'),
(460, 1, NULL, 42, 4, 4, 434, NULL, '2025-06-13 08:58:55'),
(461, 1, 10, NULL, 4, 5, 435, NULL, '2025-06-13 08:58:55'),
(462, 1, NULL, 4, 3, 6, 436, NULL, '2025-06-13 08:58:55'),
(463, 1, NULL, 9, 3, 7, 437, NULL, '2025-06-13 08:58:55'),
(464, 1, NULL, 11, 3, 8, 438, NULL, '2025-06-13 08:58:55'),
(465, 1, NULL, 18, 3, 9, 439, NULL, '2025-06-13 08:58:55'),
(466, 1, NULL, 15, 3, 10, 440, NULL, '2025-06-13 08:58:55'),
(467, 1, NULL, 9, 3, 1, 441, NULL, '2025-06-13 08:58:56'),
(468, 1, NULL, 8, 3, 2, 442, NULL, '2025-06-13 08:58:56'),
(469, 1, NULL, 11, 3, 3, 443, NULL, '2025-06-13 08:58:56'),
(470, 1, NULL, 7, 3, 4, 444, NULL, '2025-06-13 08:58:56'),
(471, 1, NULL, 5, 3, 5, 445, NULL, '2025-06-13 08:58:56'),
(472, 1, NULL, 10, 3, 6, 446, NULL, '2025-06-13 08:58:56'),
(473, 1, NULL, 8, 3, 7, 447, NULL, '2025-06-13 08:58:56'),
(474, 1, NULL, 1, 3, 8, 448, NULL, '2025-06-13 08:58:56'),
(475, 1, NULL, 15, 3, 9, 449, NULL, '2025-06-13 08:58:56'),
(476, 1, NULL, NULL, 4, 10, 450, NULL, '2025-06-13 08:58:56'),
(477, 1, NULL, 18, 3, 1, 451, NULL, '2025-06-13 08:59:10'),
(478, 1, NULL, 3, 3, 2, 452, NULL, '2025-06-13 08:59:10'),
(479, 1, NULL, 19, 3, 3, 453, NULL, '2025-06-13 08:59:10'),
(480, 1, NULL, 1, 3, 4, 454, NULL, '2025-06-13 08:59:10'),
(481, 1, NULL, 18, 3, 5, 455, NULL, '2025-06-13 08:59:10'),
(482, 1, NULL, 10, 3, 6, 456, NULL, '2025-06-13 08:59:10'),
(483, 1, NULL, 21, 3, 7, 457, NULL, '2025-06-13 08:59:10'),
(484, 1, NULL, 2, 3, 8, 458, NULL, '2025-06-13 08:59:10'),
(485, 1, NULL, 15, 3, 9, 459, NULL, '2025-06-13 08:59:10'),
(486, 1, NULL, NULL, 4, 10, 460, NULL, '2025-06-13 08:59:10'),
(487, 1, NULL, 1, 3, 1, 461, NULL, '2025-06-13 08:59:11'),
(488, 1, NULL, 4, 3, 2, 462, NULL, '2025-06-13 08:59:11'),
(489, 1, NULL, 13, 3, 3, 463, NULL, '2025-06-13 08:59:11'),
(490, 1, NULL, 13, 3, 4, 464, NULL, '2025-06-13 08:59:11'),
(491, 1, NULL, 11, 3, 5, 465, NULL, '2025-06-13 08:59:11'),
(492, 1, NULL, 2, 3, 6, 466, NULL, '2025-06-13 08:59:11'),
(493, 1, NULL, NULL, 4, 7, 467, NULL, '2025-06-13 08:59:11'),
(494, 1, NULL, 8, 3, 8, 468, NULL, '2025-06-13 08:59:11'),
(495, 1, 35, NULL, 5, 9, 469, NULL, '2025-06-13 08:59:11'),
(496, 1, NULL, 19, 3, 10, 470, NULL, '2025-06-13 08:59:11'),
(497, 1, NULL, 19, 3, 1, 471, NULL, '2025-06-13 08:59:31'),
(498, 1, 28, NULL, 4, 2, 472, NULL, '2025-06-13 08:59:31'),
(499, 1, NULL, NULL, 4, 3, 473, NULL, '2025-06-13 08:59:31'),
(500, 1, NULL, 7, 3, 4, 474, NULL, '2025-06-13 08:59:31'),
(501, 1, NULL, 5, 3, 5, 475, NULL, '2025-06-13 08:59:31'),
(502, 1, NULL, 20, 3, 6, 476, NULL, '2025-06-13 08:59:31'),
(503, 1, NULL, 4, 3, 7, 477, NULL, '2025-06-13 08:59:31'),
(504, 1, NULL, 11, 3, 8, 478, NULL, '2025-06-13 08:59:31'),
(505, 1, NULL, 2, 3, 9, 479, NULL, '2025-06-13 08:59:31'),
(506, 1, NULL, 9, 3, 10, 480, NULL, '2025-06-13 08:59:31'),
(507, 1, NULL, 2, 3, 1, 481, NULL, '2025-06-13 08:59:32'),
(508, 1, NULL, 6, 3, 2, 482, NULL, '2025-06-13 08:59:32'),
(509, 1, NULL, 1, 3, 3, 483, NULL, '2025-06-13 08:59:32'),
(510, 1, NULL, 3, 3, 4, 484, NULL, '2025-06-13 08:59:32'),
(511, 1, NULL, 1, 3, 5, 485, NULL, '2025-06-13 08:59:32'),
(512, 1, NULL, 17, 3, 6, 486, NULL, '2025-06-13 08:59:32'),
(513, 1, NULL, 20, 3, 7, 487, NULL, '2025-06-13 08:59:32'),
(514, 1, NULL, 9, 3, 8, 488, NULL, '2025-06-13 08:59:32'),
(515, 1, NULL, 17, 3, 9, 489, NULL, '2025-06-13 08:59:32'),
(516, 1, NULL, 38, 4, 10, 490, NULL, '2025-06-13 08:59:32'),
(517, 1, NULL, 19, 3, 1, 491, NULL, '2025-06-13 08:59:35'),
(518, 1, NULL, 11, 3, 2, 492, NULL, '2025-06-13 08:59:35'),
(519, 1, NULL, 8, 3, 3, 493, NULL, '2025-06-13 08:59:35'),
(520, 1, NULL, 11, 3, 4, 494, NULL, '2025-06-13 08:59:35'),
(521, 1, NULL, 14, 3, 5, 495, NULL, '2025-06-13 08:59:35'),
(522, 1, NULL, 17, 3, 6, 496, NULL, '2025-06-13 08:59:35'),
(523, 1, NULL, 15, 3, 7, 497, NULL, '2025-06-13 08:59:35'),
(524, 1, NULL, 3, 3, 8, 498, NULL, '2025-06-13 08:59:35'),
(525, 1, NULL, 17, 3, 9, 499, NULL, '2025-06-13 08:59:35'),
(526, 1, NULL, 39, 4, 10, 500, NULL, '2025-06-13 08:59:35'),
(527, 1, NULL, 4, 3, 1, 501, NULL, '2025-06-13 08:59:35'),
(528, 1, NULL, 12, 3, 2, 502, NULL, '2025-06-13 08:59:35'),
(529, 1, NULL, 16, 3, 3, 503, NULL, '2025-06-13 08:59:35'),
(530, 1, NULL, 2, 3, 4, 504, NULL, '2025-06-13 08:59:35'),
(531, 1, NULL, 21, 3, 5, 505, NULL, '2025-06-13 08:59:35'),
(532, 1, NULL, 3, 3, 6, 506, NULL, '2025-06-13 08:59:35'),
(533, 1, NULL, 13, 3, 7, 507, NULL, '2025-06-13 08:59:35'),
(534, 1, 35, NULL, 5, 8, 508, NULL, '2025-06-13 08:59:35'),
(535, 1, NULL, 6, 3, 9, 509, NULL, '2025-06-13 08:59:35'),
(536, 1, NULL, NULL, 4, 10, 510, NULL, '2025-06-13 08:59:35'),
(537, 1, NULL, 6, 3, 1, 511, NULL, '2025-06-13 08:59:36'),
(538, 1, NULL, 12, 3, 2, 512, NULL, '2025-06-13 08:59:36'),
(539, 1, NULL, 4, 3, 3, 513, NULL, '2025-06-13 08:59:36'),
(540, 1, NULL, 14, 3, 4, 514, NULL, '2025-06-13 08:59:36'),
(541, 1, 4, NULL, 5, 5, 515, NULL, '2025-06-13 08:59:36'),
(542, 1, NULL, 6, 3, 6, 516, NULL, '2025-06-13 08:59:36'),
(543, 1, NULL, 5, 3, 7, 517, NULL, '2025-06-13 08:59:36'),
(544, 1, NULL, 21, 3, 8, 518, NULL, '2025-06-13 08:59:36'),
(545, 1, NULL, 10, 3, 9, 519, NULL, '2025-06-13 08:59:36'),
(546, 1, NULL, NULL, 4, 10, 520, NULL, '2025-06-13 08:59:36'),
(547, 1, NULL, 21, 3, 1, 521, NULL, '2025-06-13 09:07:59'),
(548, 1, NULL, 4, 3, 2, 522, NULL, '2025-06-13 09:07:59'),
(549, 1, NULL, 5, 3, 3, 523, NULL, '2025-06-13 09:07:59'),
(550, 1, NULL, 12, 3, 4, 524, NULL, '2025-06-13 09:07:59'),
(551, 1, NULL, 16, 3, 5, 525, NULL, '2025-06-13 09:07:59'),
(552, 1, NULL, 5, 3, 6, 526, NULL, '2025-06-13 09:07:59'),
(553, 1, NULL, 6, 3, 7, 527, NULL, '2025-06-13 09:07:59'),
(554, 1, NULL, 2, 3, 8, 528, NULL, '2025-06-13 09:07:59'),
(555, 1, NULL, 8, 3, 9, 529, NULL, '2025-06-13 09:07:59'),
(556, 1, NULL, NULL, 4, 10, 530, NULL, '2025-06-13 09:07:59'),
(557, 1, NULL, 13, 3, 1, 531, NULL, '2025-06-13 09:08:10'),
(558, 1, NULL, 6, 3, 2, 532, NULL, '2025-06-13 09:08:10'),
(559, 1, NULL, 17, 3, 3, 533, NULL, '2025-06-13 09:08:10'),
(560, 1, NULL, NULL, 4, 4, 534, NULL, '2025-06-13 09:08:10'),
(561, 1, NULL, 6, 3, 5, 535, NULL, '2025-06-13 09:08:10'),
(562, 1, NULL, 2, 3, 6, 536, NULL, '2025-06-13 09:08:10'),
(563, 1, NULL, 15, 3, 7, 537, NULL, '2025-06-13 09:08:10'),
(564, 1, NULL, NULL, 4, 8, 538, NULL, '2025-06-13 09:08:10'),
(565, 1, NULL, 19, 3, 9, 539, NULL, '2025-06-13 09:08:10'),
(566, 1, NULL, 10, 3, 10, 540, NULL, '2025-06-13 09:08:10'),
(567, 1, NULL, 13, 3, 1, 541, NULL, '2025-06-13 09:10:34'),
(568, 1, NULL, 11, 3, 2, 542, NULL, '2025-06-13 09:10:34'),
(569, 1, NULL, 3, 3, 3, 543, NULL, '2025-06-13 09:10:34'),
(570, 1, NULL, 4, 3, 4, 544, NULL, '2025-06-13 09:10:34'),
(571, 1, NULL, 20, 3, 5, 545, NULL, '2025-06-13 09:10:34'),
(572, 1, NULL, 14, 3, 6, 546, NULL, '2025-06-13 09:10:34'),
(573, 1, NULL, 4, 3, 7, 547, NULL, '2025-06-13 09:10:34'),
(574, 1, NULL, 4, 3, 8, 548, NULL, '2025-06-13 09:10:34'),
(575, 1, NULL, 2, 3, 9, 549, NULL, '2025-06-13 09:10:34'),
(576, 1, NULL, 51, 4, 10, 550, NULL, '2025-06-13 09:10:34'),
(577, 1, NULL, 7, 3, 1, 551, NULL, '2025-06-13 09:10:36'),
(578, 1, NULL, 3, 3, 2, 552, NULL, '2025-06-13 09:10:36'),
(579, 1, NULL, 16, 3, 3, 553, NULL, '2025-06-13 09:10:36'),
(580, 1, NULL, 8, 3, 4, 554, NULL, '2025-06-13 09:10:36'),
(581, 1, NULL, 4, 3, 5, 555, NULL, '2025-06-13 09:10:36'),
(582, 1, NULL, 13, 3, 6, 556, NULL, '2025-06-13 09:10:36'),
(583, 1, NULL, 4, 3, 7, 557, NULL, '2025-06-13 09:10:36'),
(584, 1, NULL, 19, 3, 8, 558, NULL, '2025-06-13 09:10:36'),
(585, 1, NULL, 21, 3, 9, 559, NULL, '2025-06-13 09:10:36'),
(586, 1, NULL, NULL, 4, 10, 560, NULL, '2025-06-13 09:10:36'),
(587, 1, NULL, 9, 3, 1, 561, NULL, '2025-06-13 09:10:38'),
(588, 1, NULL, 16, 3, 2, 562, NULL, '2025-06-13 09:10:38'),
(589, 1, NULL, 1, 3, 3, 563, NULL, '2025-06-13 09:10:38'),
(590, 1, NULL, 13, 3, 4, 564, NULL, '2025-06-13 09:10:38'),
(591, 1, NULL, 4, 3, 5, 565, NULL, '2025-06-13 09:10:38'),
(592, 1, NULL, 7, 3, 6, 566, NULL, '2025-06-13 09:10:38'),
(593, 1, NULL, 6, 3, 7, 567, NULL, '2025-06-13 09:10:38'),
(594, 1, NULL, 11, 3, 8, 568, NULL, '2025-06-13 09:10:38'),
(595, 1, NULL, 56, 4, 9, 569, NULL, '2025-06-13 09:10:38'),
(596, 1, NULL, 13, 3, 10, 570, NULL, '2025-06-13 09:10:38'),
(597, 1, 28, NULL, 4, 1, 571, NULL, '2025-06-13 09:10:39'),
(598, 1, NULL, 2, 3, 2, 572, NULL, '2025-06-13 09:10:39'),
(599, 1, NULL, 42, 4, 3, 573, NULL, '2025-06-13 09:10:39'),
(600, 1, 14, NULL, 5, 4, 574, NULL, '2025-06-13 09:10:39'),
(601, 1, NULL, 7, 3, 5, 575, NULL, '2025-06-13 09:10:39'),
(602, 1, NULL, 4, 3, 6, 576, NULL, '2025-06-13 09:10:39'),
(603, 1, NULL, 17, 3, 7, 577, NULL, '2025-06-13 09:10:39'),
(604, 1, NULL, NULL, 4, 8, 578, NULL, '2025-06-13 09:10:39'),
(605, 1, NULL, 17, 3, 9, 579, NULL, '2025-06-13 09:10:39'),
(606, 1, NULL, 7, 3, 10, 580, NULL, '2025-06-13 09:10:39'),
(607, 1, NULL, 12, 3, 1, 581, NULL, '2025-06-13 09:10:41'),
(608, 1, NULL, 6, 3, 2, 582, NULL, '2025-06-13 09:10:41'),
(609, 1, NULL, 52, 4, 3, 583, NULL, '2025-06-13 09:10:41'),
(610, 1, NULL, 21, 3, 4, 584, NULL, '2025-06-13 09:10:41'),
(611, 1, NULL, 16, 3, 5, 585, NULL, '2025-06-13 09:10:41'),
(612, 1, NULL, 18, 3, 6, 586, NULL, '2025-06-13 09:10:41'),
(613, 1, NULL, 57, 4, 7, 587, NULL, '2025-06-13 09:10:41'),
(614, 1, NULL, 11, 3, 8, 588, NULL, '2025-06-13 09:10:41'),
(615, 1, NULL, 5, 3, 9, 589, NULL, '2025-06-13 09:10:41'),
(616, 1, NULL, 6, 3, 10, 590, NULL, '2025-06-13 09:10:41'),
(617, 1, NULL, 10, 3, 1, 591, NULL, '2025-06-13 09:10:42'),
(618, 1, NULL, NULL, 4, 2, 592, NULL, '2025-06-13 09:10:42'),
(619, 1, NULL, 16, 3, 3, 593, NULL, '2025-06-13 09:10:42'),
(620, 1, NULL, 20, 3, 4, 594, NULL, '2025-06-13 09:10:42'),
(621, 1, NULL, 19, 3, 5, 595, NULL, '2025-06-13 09:10:42'),
(622, 1, NULL, 8, 3, 6, 596, NULL, '2025-06-13 09:10:42'),
(623, 1, NULL, 24, 4, 7, 597, NULL, '2025-06-13 09:10:42'),
(624, 1, NULL, 9, 3, 8, 598, NULL, '2025-06-13 09:10:42'),
(625, 1, NULL, 14, 3, 9, 599, NULL, '2025-06-13 09:10:42'),
(626, 1, NULL, 15, 3, 10, 600, NULL, '2025-06-13 09:10:42'),
(627, 1, NULL, 17, 3, 1, 601, NULL, '2025-06-13 09:10:44'),
(628, 1, NULL, 3, 3, 2, 602, NULL, '2025-06-13 09:10:44'),
(629, 1, NULL, 10, 3, 3, 603, NULL, '2025-06-13 09:10:44'),
(630, 1, NULL, 6, 3, 4, 604, NULL, '2025-06-13 09:10:44'),
(631, 1, NULL, 18, 3, 5, 605, NULL, '2025-06-13 09:10:44'),
(632, 1, NULL, 10, 3, 6, 606, NULL, '2025-06-13 09:10:44'),
(633, 1, NULL, 21, 3, 7, 607, NULL, '2025-06-13 09:10:44'),
(634, 1, NULL, 20, 3, 8, 608, NULL, '2025-06-13 09:10:44'),
(635, 1, 15, NULL, 5, 9, 609, NULL, '2025-06-13 09:10:44'),
(636, 1, NULL, 37, 4, 10, 610, NULL, '2025-06-13 09:10:44'),
(637, 1, NULL, NULL, 4, 1, 611, NULL, '2025-06-13 09:10:45'),
(638, 1, NULL, 7, 3, 2, 612, NULL, '2025-06-13 09:10:45'),
(639, 1, NULL, 18, 3, 3, 613, NULL, '2025-06-13 09:10:45'),
(640, 1, NULL, 6, 3, 4, 614, NULL, '2025-06-13 09:10:45'),
(641, 1, 9, NULL, 4, 5, 615, NULL, '2025-06-13 09:10:45'),
(642, 1, NULL, 15, 3, 6, 616, NULL, '2025-06-13 09:10:45'),
(643, 1, NULL, 15, 3, 7, 617, NULL, '2025-06-13 09:10:45'),
(644, 1, NULL, 13, 3, 8, 618, NULL, '2025-06-13 09:10:45'),
(645, 1, NULL, 16, 3, 9, 619, NULL, '2025-06-13 09:10:45'),
(646, 1, NULL, 19, 3, 10, 620, NULL, '2025-06-13 09:10:45'),
(647, 1, NULL, 14, 3, 1, 621, NULL, '2025-06-13 09:13:26'),
(648, 1, NULL, 15, 3, 2, 622, NULL, '2025-06-13 09:13:26'),
(649, 1, NULL, 13, 3, 3, 623, NULL, '2025-06-13 09:13:26'),
(650, 1, NULL, 10, 3, 4, 624, NULL, '2025-06-13 09:13:26'),
(651, 1, NULL, 21, 3, 5, 625, NULL, '2025-06-13 09:13:26'),
(652, 1, NULL, 1, 3, 6, 626, NULL, '2025-06-13 09:13:26'),
(653, 1, NULL, 40, 4, 7, 627, NULL, '2025-06-13 09:13:26'),
(654, 1, NULL, NULL, 4, 8, 628, NULL, '2025-06-13 09:13:26'),
(655, 1, NULL, 9, 3, 9, 629, NULL, '2025-06-13 09:13:26'),
(656, 1, NULL, 2, 3, 10, 630, NULL, '2025-06-13 09:13:26'),
(657, 1, NULL, 9, 3, 1, 631, NULL, '2025-06-13 09:13:28'),
(658, 1, NULL, 6, 3, 2, 632, NULL, '2025-06-13 09:13:28'),
(659, 1, NULL, 18, 3, 3, 633, NULL, '2025-06-13 09:13:28'),
(660, 1, NULL, 9, 3, 4, 634, NULL, '2025-06-13 09:13:28'),
(661, 1, NULL, 20, 3, 5, 635, NULL, '2025-06-13 09:13:28'),
(662, 1, NULL, 18, 3, 6, 636, NULL, '2025-06-13 09:13:28'),
(663, 1, NULL, 21, 3, 7, 637, NULL, '2025-06-13 09:13:28'),
(664, 1, NULL, 1, 3, 8, 638, NULL, '2025-06-13 09:13:28'),
(665, 1, NULL, 6, 3, 9, 639, NULL, '2025-06-13 09:13:28'),
(666, 1, NULL, 34, 4, 10, 640, NULL, '2025-06-13 09:13:28'),
(667, 1, NULL, 6, 3, 1, 641, NULL, '2025-06-13 09:14:24'),
(668, 1, NULL, 12, 3, 2, 642, NULL, '2025-06-13 09:14:24'),
(669, 1, NULL, 8, 3, 3, 643, NULL, '2025-06-13 09:14:24'),
(670, 1, NULL, 2, 3, 4, 644, NULL, '2025-06-13 09:14:24'),
(671, 1, NULL, 15, 3, 5, 645, NULL, '2025-06-13 09:14:24'),
(672, 1, NULL, 11, 3, 6, 646, NULL, '2025-06-13 09:14:24'),
(673, 1, NULL, 13, 3, 7, 647, NULL, '2025-06-13 09:14:24'),
(674, 1, NULL, 3, 3, 8, 648, NULL, '2025-06-13 09:14:24'),
(675, 1, NULL, 15, 3, 9, 649, NULL, '2025-06-13 09:14:24'),
(676, 1, 10, NULL, 4, 10, 650, NULL, '2025-06-13 09:14:24'),
(677, 1, NULL, 11, 3, 1, 651, NULL, '2025-06-13 09:14:25'),
(678, 1, NULL, 13, 3, 2, 652, NULL, '2025-06-13 09:14:25'),
(679, 1, NULL, 19, 3, 3, 653, NULL, '2025-06-13 09:14:25'),
(680, 1, NULL, 1, 3, 4, 654, NULL, '2025-06-13 09:14:25'),
(681, 1, NULL, 4, 3, 5, 655, NULL, '2025-06-13 09:14:25'),
(682, 1, NULL, 4, 3, 6, 656, NULL, '2025-06-13 09:14:25'),
(683, 1, NULL, 34, 4, 7, 657, NULL, '2025-06-13 09:14:25'),
(684, 1, NULL, 3, 3, 8, 658, NULL, '2025-06-13 09:14:25'),
(685, 1, NULL, 5, 3, 9, 659, NULL, '2025-06-13 09:14:25'),
(686, 1, NULL, 8, 3, 10, 660, NULL, '2025-06-13 09:14:25'),
(687, 1, NULL, 13, 3, 1, 661, NULL, '2025-06-13 09:14:25'),
(688, 1, 35, NULL, 5, 2, 662, NULL, '2025-06-13 09:14:25'),
(689, 1, NULL, 8, 3, 3, 663, NULL, '2025-06-13 09:14:25'),
(690, 1, NULL, 11, 3, 4, 664, NULL, '2025-06-13 09:14:25'),
(691, 1, NULL, 16, 3, 5, 665, NULL, '2025-06-13 09:14:25'),
(692, 1, NULL, 1, 3, 6, 666, NULL, '2025-06-13 09:14:25'),
(693, 1, NULL, 3, 3, 7, 667, NULL, '2025-06-13 09:14:25'),
(694, 1, NULL, 2, 3, 8, 668, NULL, '2025-06-13 09:14:25'),
(695, 1, NULL, 16, 3, 9, 669, NULL, '2025-06-13 09:14:25'),
(696, 1, NULL, NULL, 4, 10, 670, NULL, '2025-06-13 09:14:25'),
(697, 1, NULL, 1, 3, 1, 671, NULL, '2025-06-13 09:14:26'),
(698, 1, NULL, 8, 3, 2, 672, NULL, '2025-06-13 09:14:26'),
(699, 1, 4, NULL, 5, 3, 673, NULL, '2025-06-13 09:14:26'),
(700, 1, NULL, 7, 3, 4, 674, NULL, '2025-06-13 09:14:26'),
(701, 1, NULL, 18, 3, 5, 675, NULL, '2025-06-13 09:14:26'),
(702, 1, NULL, 21, 3, 6, 676, NULL, '2025-06-13 09:14:26'),
(703, 1, NULL, 7, 3, 7, 677, NULL, '2025-06-13 09:14:26'),
(704, 1, NULL, 11, 3, 8, 678, NULL, '2025-06-13 09:14:26'),
(705, 1, NULL, 17, 3, 9, 679, NULL, '2025-06-13 09:14:26'),
(706, 1, NULL, 35, 4, 10, 680, NULL, '2025-06-13 09:14:26'),
(707, 1, NULL, 7, 3, 1, 681, NULL, '2025-06-13 09:14:26'),
(708, 1, NULL, 19, 3, 2, 682, NULL, '2025-06-13 09:14:26'),
(709, 1, NULL, 1, 3, 3, 683, NULL, '2025-06-13 09:14:26'),
(710, 1, NULL, 10, 3, 4, 684, NULL, '2025-06-13 09:14:26'),
(711, 1, NULL, 12, 3, 5, 685, NULL, '2025-06-13 09:14:26'),
(712, 1, NULL, 2, 3, 6, 686, NULL, '2025-06-13 09:14:26'),
(713, 1, NULL, 6, 3, 7, 687, NULL, '2025-06-13 09:14:26'),
(714, 1, NULL, 4, 3, 8, 688, NULL, '2025-06-13 09:14:26'),
(715, 1, NULL, 12, 3, 9, 689, NULL, '2025-06-13 09:14:26'),
(716, 1, NULL, 51, 4, 10, 690, NULL, '2025-06-13 09:14:26'),
(717, 1, NULL, 9, 3, 1, 691, NULL, '2025-06-13 09:14:27'),
(718, 1, NULL, 8, 3, 2, 692, NULL, '2025-06-13 09:14:27'),
(719, 1, NULL, 16, 3, 3, 693, NULL, '2025-06-13 09:14:27'),
(720, 1, NULL, 17, 3, 4, 694, NULL, '2025-06-13 09:14:27'),
(721, 1, NULL, 6, 3, 5, 695, NULL, '2025-06-13 09:14:27'),
(722, 1, NULL, 30, 4, 6, 696, NULL, '2025-06-13 09:14:27'),
(723, 1, NULL, 5, 3, 7, 697, NULL, '2025-06-13 09:14:27'),
(724, 1, NULL, 19, 3, 8, 698, NULL, '2025-06-13 09:14:27'),
(725, 1, NULL, 19, 3, 9, 699, NULL, '2025-06-13 09:14:27'),
(726, 1, NULL, 17, 3, 10, 700, NULL, '2025-06-13 09:14:27'),
(727, 1, NULL, NULL, 4, 1, 701, NULL, '2025-06-13 09:14:27'),
(728, 1, NULL, 21, 3, 2, 702, NULL, '2025-06-13 09:14:27'),
(729, 1, NULL, NULL, 4, 3, 703, NULL, '2025-06-13 09:14:27'),
(730, 1, NULL, 15, 3, 4, 704, NULL, '2025-06-13 09:14:27'),
(731, 1, NULL, 3, 3, 5, 705, NULL, '2025-06-13 09:14:27'),
(732, 1, NULL, 18, 3, 6, 706, NULL, '2025-06-13 09:14:27'),
(733, 1, NULL, 1, 3, 7, 707, NULL, '2025-06-13 09:14:27'),
(734, 1, NULL, 17, 3, 8, 708, NULL, '2025-06-13 09:14:27'),
(735, 1, NULL, 12, 3, 9, 709, NULL, '2025-06-13 09:14:27'),
(736, 1, NULL, 2, 3, 10, 710, NULL, '2025-06-13 09:14:27'),
(737, 1, NULL, 13, 3, 1, 711, NULL, '2025-06-13 09:14:28'),
(738, 1, NULL, 7, 3, 2, 712, NULL, '2025-06-13 09:14:28'),
(739, 1, 35, NULL, 5, 3, 713, NULL, '2025-06-13 09:14:28'),
(740, 1, NULL, 12, 3, 4, 714, NULL, '2025-06-13 09:14:28'),
(741, 1, NULL, 18, 3, 5, 715, NULL, '2025-06-13 09:14:28'),
(742, 1, NULL, 9, 3, 6, 716, NULL, '2025-06-13 09:14:28'),
(743, 1, NULL, 1, 3, 7, 717, NULL, '2025-06-13 09:14:28'),
(744, 1, NULL, 14, 3, 8, 718, NULL, '2025-06-13 09:14:28'),
(745, 1, NULL, 15, 3, 9, 719, NULL, '2025-06-13 09:14:28'),
(746, 1, 24, NULL, 4, 10, 720, NULL, '2025-06-13 09:14:28'),
(747, 1, NULL, 16, 3, 1, 721, NULL, '2025-06-13 09:14:29'),
(748, 1, NULL, 15, 3, 2, 722, NULL, '2025-06-13 09:14:29'),
(749, 1, NULL, 18, 3, 3, 723, NULL, '2025-06-13 09:14:29'),
(750, 1, NULL, 9, 3, 4, 724, NULL, '2025-06-13 09:14:29'),
(751, 1, NULL, 1, 3, 5, 725, NULL, '2025-06-13 09:14:29'),
(752, 1, NULL, 13, 3, 6, 726, NULL, '2025-06-13 09:14:29'),
(753, 1, NULL, 11, 3, 7, 727, NULL, '2025-06-13 09:14:29'),
(754, 1, NULL, 10, 3, 8, 728, NULL, '2025-06-13 09:14:29'),
(755, 1, NULL, 2, 3, 9, 729, NULL, '2025-06-13 09:14:29'),
(756, 1, NULL, 25, 4, 10, 730, NULL, '2025-06-13 09:14:29'),
(757, 1, NULL, 17, 3, 1, 731, NULL, '2025-06-13 09:14:29'),
(758, 1, NULL, 11, 3, 2, 732, NULL, '2025-06-13 09:14:29'),
(759, 1, NULL, 20, 3, 3, 733, NULL, '2025-06-13 09:14:29'),
(760, 1, NULL, 13, 3, 4, 734, NULL, '2025-06-13 09:14:29'),
(761, 1, NULL, 21, 3, 5, 735, NULL, '2025-06-13 09:14:29'),
(762, 1, NULL, 1, 3, 6, 736, NULL, '2025-06-13 09:14:29'),
(763, 1, NULL, 1, 3, 7, 737, NULL, '2025-06-13 09:14:29'),
(764, 1, NULL, 8, 3, 8, 738, NULL, '2025-06-13 09:14:29'),
(765, 1, NULL, 10, 3, 9, 739, NULL, '2025-06-13 09:14:29'),
(766, 1, NULL, 59, 4, 10, 740, NULL, '2025-06-13 09:14:29'),
(767, 1, NULL, 18, 3, 1, 741, NULL, '2025-06-13 09:14:30'),
(768, 1, NULL, 1, 3, 2, 742, NULL, '2025-06-13 09:14:30'),
(769, 1, NULL, 9, 3, 3, 743, NULL, '2025-06-13 09:14:30'),
(770, 1, NULL, 4, 3, 4, 744, NULL, '2025-06-13 09:14:30'),
(771, 1, NULL, 8, 3, 5, 745, NULL, '2025-06-13 09:14:30'),
(772, 1, NULL, 4, 3, 6, 746, NULL, '2025-06-13 09:14:30'),
(773, 1, NULL, 21, 3, 7, 747, NULL, '2025-06-13 09:14:30'),
(774, 1, 35, NULL, 5, 8, 748, NULL, '2025-06-13 09:14:30'),
(775, 1, NULL, 10, 3, 9, 749, NULL, '2025-06-13 09:14:30'),
(776, 1, NULL, 55, 4, 10, 750, NULL, '2025-06-13 09:14:30'),
(777, 1, NULL, 16, 3, 1, 751, NULL, '2025-06-13 09:14:30'),
(778, 1, NULL, 9, 3, 2, 752, NULL, '2025-06-13 09:14:30'),
(779, 1, NULL, 12, 3, 3, 753, NULL, '2025-06-13 09:14:30'),
(780, 1, NULL, 18, 3, 4, 754, NULL, '2025-06-13 09:14:30'),
(781, 1, NULL, 13, 3, 5, 755, NULL, '2025-06-13 09:14:30'),
(782, 1, NULL, 4, 3, 6, 756, NULL, '2025-06-13 09:14:30'),
(783, 1, NULL, 19, 3, 7, 757, NULL, '2025-06-13 09:14:30'),
(784, 1, NULL, 49, 4, 8, 758, NULL, '2025-06-13 09:14:30'),
(785, 1, NULL, 2, 3, 9, 759, NULL, '2025-06-13 09:14:30'),
(786, 1, NULL, 14, 3, 10, 760, NULL, '2025-06-13 09:14:30'),
(787, 1, NULL, 4, 3, 1, 761, NULL, '2025-06-13 09:14:31'),
(788, 1, NULL, 54, 4, 2, 762, NULL, '2025-06-13 09:14:31'),
(789, 1, NULL, 7, 3, 3, 763, NULL, '2025-06-13 09:14:31'),
(790, 1, NULL, 17, 3, 4, 764, NULL, '2025-06-13 09:14:31'),
(791, 1, NULL, 2, 3, 5, 765, NULL, '2025-06-13 09:14:31'),
(792, 1, NULL, 2, 3, 6, 766, NULL, '2025-06-13 09:14:31'),
(793, 1, NULL, 21, 3, 7, 767, NULL, '2025-06-13 09:14:31'),
(794, 1, NULL, 9, 3, 8, 768, NULL, '2025-06-13 09:14:31'),
(795, 1, NULL, 5, 3, 9, 769, NULL, '2025-06-13 09:14:31'),
(796, 1, NULL, 7, 3, 10, 770, NULL, '2025-06-13 09:14:31'),
(797, 1, NULL, 8, 3, 1, 771, NULL, '2025-06-13 09:14:32'),
(798, 1, NULL, 15, 3, 2, 772, NULL, '2025-06-13 09:14:32'),
(799, 1, NULL, 1, 3, 3, 773, NULL, '2025-06-13 09:14:32'),
(800, 1, NULL, 20, 3, 4, 774, NULL, '2025-06-13 09:14:32'),
(801, 1, NULL, 47, 4, 5, 775, NULL, '2025-06-13 09:14:32'),
(802, 1, NULL, 7, 3, 6, 776, NULL, '2025-06-13 09:14:32'),
(803, 1, NULL, 16, 3, 7, 777, NULL, '2025-06-13 09:14:32'),
(804, 1, NULL, NULL, 4, 8, 778, NULL, '2025-06-13 09:14:32'),
(805, 1, NULL, 15, 3, 9, 779, NULL, '2025-06-13 09:14:32'),
(806, 1, NULL, 21, 3, 10, 780, NULL, '2025-06-13 09:14:32'),
(807, 1, NULL, 13, 3, 1, 781, NULL, '2025-06-13 09:14:32'),
(808, 1, NULL, 56, 4, 2, 782, NULL, '2025-06-13 09:14:32'),
(809, 1, NULL, 16, 3, 3, 783, NULL, '2025-06-13 09:14:32'),
(810, 1, NULL, 17, 3, 4, 784, NULL, '2025-06-13 09:14:32'),
(811, 1, NULL, 21, 3, 5, 785, NULL, '2025-06-13 09:14:32'),
(812, 1, NULL, 11, 3, 6, 786, NULL, '2025-06-13 09:14:32'),
(813, 1, NULL, 13, 3, 7, 787, NULL, '2025-06-13 09:14:32'),
(814, 1, NULL, 16, 3, 8, 788, NULL, '2025-06-13 09:14:32'),
(815, 1, NULL, 21, 3, 9, 789, NULL, '2025-06-13 09:14:32'),
(816, 1, NULL, 10, 3, 10, 790, NULL, '2025-06-13 09:14:32'),
(817, 1, NULL, 17, 3, 1, 791, NULL, '2025-06-13 09:14:33'),
(818, 1, NULL, 15, 3, 2, 792, NULL, '2025-06-13 09:14:33'),
(819, 1, NULL, 12, 3, 3, 793, NULL, '2025-06-13 09:14:33'),
(820, 1, NULL, 13, 3, 4, 794, NULL, '2025-06-13 09:14:33'),
(821, 1, NULL, 19, 3, 5, 795, NULL, '2025-06-13 09:14:33'),
(822, 1, NULL, 4, 3, 6, 796, NULL, '2025-06-13 09:14:33'),
(823, 1, NULL, NULL, 4, 7, 797, NULL, '2025-06-13 09:14:33'),
(824, 1, NULL, 6, 3, 8, 798, NULL, '2025-06-13 09:14:33'),
(825, 1, NULL, 2, 3, 9, 799, NULL, '2025-06-13 09:14:33'),
(826, 1, NULL, 21, 3, 10, 800, NULL, '2025-06-13 09:14:33'),
(827, 1, NULL, 16, 3, 1, 801, NULL, '2025-06-13 09:14:30'),
(828, 1, NULL, 6, 3, 2, 802, NULL, '2025-06-13 09:14:30'),
(829, 1, NULL, 20, 3, 3, 803, NULL, '2025-06-13 09:14:30'),
(830, 1, NULL, 2, 3, 4, 804, NULL, '2025-06-13 09:14:30'),
(831, 1, NULL, 9, 3, 5, 805, NULL, '2025-06-13 09:14:30'),
(832, 1, NULL, 7, 3, 6, 806, NULL, '2025-06-13 09:14:30'),
(833, 1, NULL, 20, 3, 7, 807, NULL, '2025-06-13 09:14:30'),
(834, 1, NULL, 18, 3, 8, 808, NULL, '2025-06-13 09:14:30'),
(835, 1, NULL, 10, 3, 9, 809, NULL, '2025-06-13 09:14:30'),
(836, 1, NULL, NULL, 4, 10, 810, NULL, '2025-06-13 09:14:30'),
(837, 1, NULL, 5, 3, 1, 811, NULL, '2025-06-13 09:14:31'),
(838, 1, NULL, 1, 3, 2, 812, NULL, '2025-06-13 09:14:31'),
(839, 1, NULL, 9, 3, 3, 813, NULL, '2025-06-13 09:14:31'),
(840, 1, NULL, NULL, 4, 4, 814, NULL, '2025-06-13 09:14:31'),
(841, 1, NULL, 18, 3, 5, 815, NULL, '2025-06-13 09:14:31'),
(842, 1, NULL, 4, 3, 6, 816, NULL, '2025-06-13 09:14:31'),
(843, 1, NULL, NULL, 4, 7, 817, NULL, '2025-06-13 09:14:31'),
(844, 1, NULL, 10, 3, 8, 818, NULL, '2025-06-13 09:14:31'),
(845, 1, NULL, 10, 3, 9, 819, NULL, '2025-06-13 09:14:31'),
(846, 1, NULL, 5, 3, 10, 820, NULL, '2025-06-13 09:14:31'),
(847, 1, NULL, 18, 3, 1, 821, NULL, '2025-06-13 09:14:31'),
(848, 1, NULL, 21, 3, 2, 822, NULL, '2025-06-13 09:14:31'),
(849, 1, NULL, 5, 3, 3, 823, NULL, '2025-06-13 09:14:31'),
(850, 1, NULL, 14, 3, 4, 824, NULL, '2025-06-13 09:14:31'),
(851, 1, NULL, 1, 3, 5, 825, NULL, '2025-06-13 09:14:31'),
(852, 1, NULL, 14, 3, 6, 826, NULL, '2025-06-13 09:14:31'),
(853, 1, NULL, 8, 3, 7, 827, NULL, '2025-06-13 09:14:31'),
(854, 1, 14, NULL, 5, 8, 828, NULL, '2025-06-13 09:14:31'),
(855, 1, NULL, 9, 3, 9, 829, NULL, '2025-06-13 09:14:31'),
(856, 1, NULL, 30, 4, 10, 830, NULL, '2025-06-13 09:14:31'),
(857, 1, NULL, 3, 3, 1, 831, NULL, '2025-06-13 09:14:32'),
(858, 1, NULL, 16, 3, 2, 832, NULL, '2025-06-13 09:14:32'),
(859, 1, NULL, 3, 3, 3, 833, NULL, '2025-06-13 09:14:32'),
(860, 1, NULL, 6, 3, 4, 834, NULL, '2025-06-13 09:14:32'),
(861, 1, NULL, 11, 3, 5, 835, NULL, '2025-06-13 09:14:32'),
(862, 1, NULL, 53, 4, 6, 836, NULL, '2025-06-13 09:14:32'),
(863, 1, NULL, 4, 3, 7, 837, NULL, '2025-06-13 09:14:32'),
(864, 1, NULL, 22, 4, 8, 838, NULL, '2025-06-13 09:14:32'),
(865, 1, NULL, 1, 3, 9, 839, NULL, '2025-06-13 09:14:32'),
(866, 1, NULL, 8, 3, 10, 840, NULL, '2025-06-13 09:14:32'),
(867, 1, NULL, 16, 3, 1, 841, NULL, '2025-06-13 09:14:33'),
(868, 1, NULL, 16, 3, 2, 842, NULL, '2025-06-13 09:14:33');
INSERT INTO `pull_history` (`id`, `user_id`, `character_id`, `weapon_id`, `rarity`, `pull_number`, `total_pulls`, `portal_id`, `created_at`) VALUES
(869, 1, NULL, 20, 3, 3, 843, NULL, '2025-06-13 09:14:33'),
(870, 1, NULL, 2, 3, 4, 844, NULL, '2025-06-13 09:14:33'),
(871, 1, NULL, 18, 3, 5, 845, NULL, '2025-06-13 09:14:33'),
(872, 1, NULL, 18, 3, 6, 846, NULL, '2025-06-13 09:14:33'),
(873, 1, NULL, 6, 3, 7, 847, NULL, '2025-06-13 09:14:33'),
(874, 1, NULL, 6, 3, 8, 848, NULL, '2025-06-13 09:14:33'),
(875, 1, NULL, 19, 3, 9, 849, NULL, '2025-06-13 09:14:33'),
(876, 1, NULL, NULL, 4, 10, 850, NULL, '2025-06-13 09:14:33'),
(877, 1, NULL, 3, 3, 1, 851, NULL, '2025-06-13 09:14:33'),
(878, 1, NULL, 6, 3, 2, 852, NULL, '2025-06-13 09:14:33'),
(879, 1, NULL, 1, 3, 3, 853, NULL, '2025-06-13 09:14:33'),
(880, 1, NULL, 20, 3, 4, 854, NULL, '2025-06-13 09:14:33'),
(881, 1, NULL, 19, 3, 5, 855, NULL, '2025-06-13 09:14:33'),
(882, 1, NULL, 12, 3, 6, 856, NULL, '2025-06-13 09:14:33'),
(883, 1, NULL, 13, 3, 7, 857, NULL, '2025-06-13 09:14:33'),
(884, 1, NULL, 9, 3, 8, 858, NULL, '2025-06-13 09:14:33'),
(885, 1, NULL, 3, 3, 9, 859, NULL, '2025-06-13 09:14:33'),
(886, 1, NULL, NULL, 4, 10, 860, NULL, '2025-06-13 09:14:33'),
(887, 1, NULL, 21, 3, 1, 861, NULL, '2025-06-13 09:14:34'),
(888, 1, NULL, 1, 3, 2, 862, NULL, '2025-06-13 09:14:34'),
(889, 1, NULL, 15, 3, 3, 863, NULL, '2025-06-13 09:14:34'),
(890, 1, NULL, 15, 3, 4, 864, NULL, '2025-06-13 09:14:34'),
(891, 1, NULL, 17, 3, 5, 865, NULL, '2025-06-13 09:14:34'),
(892, 1, NULL, 11, 3, 6, 866, NULL, '2025-06-13 09:14:34'),
(893, 1, NULL, 5, 3, 7, 867, NULL, '2025-06-13 09:14:34'),
(894, 1, NULL, 12, 3, 8, 868, NULL, '2025-06-13 09:14:34'),
(895, 1, NULL, 1, 3, 9, 869, NULL, '2025-06-13 09:14:34'),
(896, 1, NULL, 44, 4, 10, 870, NULL, '2025-06-13 09:14:34'),
(897, 1, NULL, 3, 3, 1, 871, NULL, '2025-06-13 09:14:56'),
(898, 1, NULL, 21, 3, 2, 872, NULL, '2025-06-13 09:14:56'),
(899, 1, NULL, 4, 3, 3, 873, NULL, '2025-06-13 09:14:56'),
(900, 1, NULL, 21, 3, 4, 874, NULL, '2025-06-13 09:14:56'),
(901, 1, NULL, 13, 3, 5, 875, NULL, '2025-06-13 09:14:56'),
(902, 1, NULL, 6, 3, 6, 876, NULL, '2025-06-13 09:14:56'),
(903, 1, NULL, 1, 3, 7, 877, NULL, '2025-06-13 09:14:56'),
(904, 1, NULL, 13, 3, 8, 878, NULL, '2025-06-13 09:14:56'),
(905, 1, NULL, 12, 3, 9, 879, NULL, '2025-06-13 09:14:56'),
(906, 1, NULL, 32, 4, 10, 880, NULL, '2025-06-13 09:14:56'),
(907, 1, NULL, 3, 3, 1, 881, NULL, '2025-06-13 09:14:57'),
(908, 1, NULL, 16, 3, 2, 882, NULL, '2025-06-13 09:14:57'),
(909, 1, NULL, 36, 4, 3, 883, NULL, '2025-06-13 09:14:57'),
(910, 1, NULL, 10, 3, 4, 884, NULL, '2025-06-13 09:14:57'),
(911, 1, NULL, 16, 3, 5, 885, NULL, '2025-06-13 09:14:57'),
(912, 1, NULL, 8, 3, 6, 886, NULL, '2025-06-13 09:14:57'),
(913, 1, NULL, 21, 3, 7, 887, NULL, '2025-06-13 09:14:57'),
(914, 1, NULL, 18, 3, 8, 888, NULL, '2025-06-13 09:14:57'),
(915, 1, NULL, 2, 3, 9, 889, NULL, '2025-06-13 09:14:57'),
(916, 1, NULL, NULL, 4, 10, 890, NULL, '2025-06-13 09:14:57'),
(917, 1, NULL, 15, 3, 1, 891, 32, '2025-06-13 09:17:24'),
(918, 1, NULL, 30, 4, 2, 892, 32, '2025-06-13 09:17:24'),
(919, 1, NULL, 5, 3, 3, 893, 32, '2025-06-13 09:17:24'),
(920, 1, NULL, 1, 3, 4, 894, 32, '2025-06-13 09:17:24'),
(921, 1, NULL, 8, 3, 5, 895, 32, '2025-06-13 09:17:24'),
(922, 1, NULL, 14, 3, 6, 896, 32, '2025-06-13 09:17:24'),
(923, 1, NULL, 20, 3, 7, 897, 32, '2025-06-13 09:17:24'),
(924, 1, NULL, 3, 3, 8, 898, 32, '2025-06-13 09:17:24'),
(925, 1, NULL, 17, 3, 9, 899, 32, '2025-06-13 09:17:24'),
(926, 1, NULL, 13, 3, 10, 900, 32, '2025-06-13 09:17:24'),
(927, 1, NULL, 19, 3, 1, 901, 32, '2025-06-13 09:17:26'),
(928, 1, NULL, 1, 3, 2, 902, 32, '2025-06-13 09:17:26'),
(929, 1, NULL, 12, 3, 3, 903, 32, '2025-06-13 09:17:26'),
(930, 1, NULL, 1, 3, 4, 904, 32, '2025-06-13 09:17:26'),
(931, 1, NULL, 16, 3, 5, 905, 32, '2025-06-13 09:17:26'),
(932, 1, NULL, 9, 3, 6, 906, 32, '2025-06-13 09:17:26'),
(933, 1, NULL, 1, 3, 7, 907, 32, '2025-06-13 09:17:26'),
(934, 1, 15, NULL, 5, 8, 908, 32, '2025-06-13 09:17:26'),
(935, 1, NULL, 18, 3, 9, 909, 32, '2025-06-13 09:17:26'),
(936, 1, 24, NULL, 4, 10, 910, 32, '2025-06-13 09:17:26'),
(937, 1, NULL, 13, 3, 1, 911, 32, '2025-06-13 09:17:27'),
(938, 1, NULL, 42, 4, 2, 912, 32, '2025-06-13 09:17:27'),
(939, 1, NULL, 16, 3, 3, 913, 32, '2025-06-13 09:17:27'),
(940, 1, NULL, 2, 3, 4, 914, 32, '2025-06-13 09:17:27'),
(941, 1, NULL, 4, 3, 5, 915, 32, '2025-06-13 09:17:27'),
(942, 1, NULL, 3, 3, 6, 916, 32, '2025-06-13 09:17:27'),
(943, 1, NULL, 12, 3, 7, 917, 32, '2025-06-13 09:17:27'),
(944, 1, NULL, 2, 3, 8, 918, 32, '2025-06-13 09:17:27'),
(945, 1, NULL, 4, 3, 9, 919, 32, '2025-06-13 09:17:27'),
(946, 1, NULL, 6, 3, 10, 920, 32, '2025-06-13 09:17:27'),
(947, 1, NULL, 19, 3, 1, 921, 32, '2025-06-13 09:17:27'),
(948, 1, 24, NULL, 4, 2, 922, 32, '2025-06-13 09:17:27'),
(949, 1, NULL, 5, 3, 3, 923, 32, '2025-06-13 09:17:27'),
(950, 1, NULL, 2, 3, 4, 924, 32, '2025-06-13 09:17:27'),
(951, 1, NULL, 9, 3, 5, 925, 32, '2025-06-13 09:17:27'),
(952, 1, NULL, 13, 3, 6, 926, 32, '2025-06-13 09:17:27'),
(953, 1, NULL, 6, 3, 7, 927, 32, '2025-06-13 09:17:27'),
(954, 1, NULL, 12, 3, 8, 928, 32, '2025-06-13 09:17:27'),
(955, 1, NULL, 3, 3, 9, 929, 32, '2025-06-13 09:17:27'),
(956, 1, NULL, 15, 3, 10, 930, 32, '2025-06-13 09:17:27'),
(957, 1, NULL, 16, 3, 1, 931, 32, '2025-06-13 09:17:28'),
(958, 1, NULL, 11, 3, 2, 932, 32, '2025-06-13 09:17:28'),
(959, 1, NULL, 7, 3, 3, 933, 32, '2025-06-13 09:17:28'),
(960, 1, NULL, 14, 3, 4, 934, 32, '2025-06-13 09:17:28'),
(961, 1, NULL, 12, 3, 5, 935, 32, '2025-06-13 09:17:28'),
(962, 1, NULL, 19, 3, 6, 936, 32, '2025-06-13 09:17:28'),
(963, 1, NULL, 9, 3, 7, 937, 32, '2025-06-13 09:17:28'),
(964, 1, 9, NULL, 4, 8, 938, 32, '2025-06-13 09:17:28'),
(965, 1, NULL, 19, 3, 9, 939, 32, '2025-06-13 09:17:28'),
(966, 1, NULL, 16, 3, 10, 940, 32, '2025-06-13 09:17:28'),
(967, 1, NULL, 20, 3, 1, 941, 32, '2025-06-13 09:17:28'),
(968, 1, NULL, 11, 3, 2, 942, 32, '2025-06-13 09:17:28'),
(969, 1, NULL, 4, 3, 3, 943, 32, '2025-06-13 09:17:28'),
(970, 1, NULL, 7, 3, 4, 944, 32, '2025-06-13 09:17:28'),
(971, 1, NULL, 4, 3, 5, 945, 32, '2025-06-13 09:17:28'),
(972, 1, NULL, 4, 3, 6, 946, 32, '2025-06-13 09:17:28'),
(973, 1, NULL, 13, 3, 7, 947, 32, '2025-06-13 09:17:28'),
(974, 1, NULL, 18, 3, 8, 948, 32, '2025-06-13 09:17:28'),
(975, 1, NULL, 8, 3, 9, 949, 32, '2025-06-13 09:17:28'),
(976, 1, 8, NULL, 4, 10, 950, 32, '2025-06-13 09:17:28'),
(977, 1, NULL, 1, 3, 1, 951, 32, '2025-06-13 09:17:28'),
(978, 1, NULL, 7, 3, 2, 952, 32, '2025-06-13 09:17:28'),
(979, 1, NULL, 2, 3, 3, 953, 32, '2025-06-13 09:17:28'),
(980, 1, NULL, 14, 3, 4, 954, 32, '2025-06-13 09:17:28'),
(981, 1, NULL, 3, 3, 5, 955, 32, '2025-06-13 09:17:28'),
(982, 1, NULL, 41, 4, 6, 956, 32, '2025-06-13 09:17:28'),
(983, 1, NULL, 1, 3, 7, 957, 32, '2025-06-13 09:17:28'),
(984, 1, NULL, 12, 3, 8, 958, 32, '2025-06-13 09:17:28'),
(985, 1, NULL, 5, 3, 9, 959, 32, '2025-06-13 09:17:28'),
(986, 1, 7, NULL, 4, 10, 960, 32, '2025-06-13 09:17:28'),
(987, 1, 24, NULL, 4, 1, 961, 32, '2025-06-13 09:17:29'),
(988, 1, NULL, 6, 3, 2, 962, 32, '2025-06-13 09:17:29'),
(989, 1, NULL, 18, 3, 3, 963, 32, '2025-06-13 09:17:29'),
(990, 1, NULL, 17, 3, 4, 964, 32, '2025-06-13 09:17:29'),
(991, 1, NULL, 15, 3, 5, 965, 32, '2025-06-13 09:17:29'),
(992, 1, NULL, 4, 3, 6, 966, 32, '2025-06-13 09:17:29'),
(993, 1, 1, NULL, 4, 7, 967, 32, '2025-06-13 09:17:29'),
(994, 1, NULL, 11, 3, 8, 968, 32, '2025-06-13 09:17:29'),
(995, 1, NULL, 16, 3, 9, 969, 32, '2025-06-13 09:17:29'),
(996, 1, NULL, 2, 3, 10, 970, 32, '2025-06-13 09:17:29'),
(997, 1, NULL, 1, 3, 1, 971, 32, '2025-06-13 09:17:29'),
(998, 1, NULL, 51, 4, 2, 972, 32, '2025-06-13 09:17:29'),
(999, 1, 35, NULL, 5, 3, 973, 32, '2025-06-13 09:17:29'),
(1000, 1, NULL, 8, 3, 4, 974, 32, '2025-06-13 09:17:29'),
(1001, 1, NULL, 7, 3, 5, 975, 32, '2025-06-13 09:17:29'),
(1002, 1, NULL, 7, 3, 6, 976, 32, '2025-06-13 09:17:29'),
(1003, 1, NULL, 20, 3, 7, 977, 32, '2025-06-13 09:17:29'),
(1004, 1, NULL, 46, 4, 8, 978, 32, '2025-06-13 09:17:29'),
(1005, 1, NULL, 8, 3, 9, 979, 32, '2025-06-13 09:17:29'),
(1006, 1, NULL, 19, 3, 10, 980, 32, '2025-06-13 09:17:29'),
(1007, 1, NULL, 6, 3, 1, 981, 32, '2025-06-13 09:17:29'),
(1008, 1, NULL, 10, 3, 2, 982, 32, '2025-06-13 09:17:29'),
(1009, 1, NULL, 7, 3, 3, 983, 32, '2025-06-13 09:17:29'),
(1010, 1, NULL, 5, 3, 4, 984, 32, '2025-06-13 09:17:29'),
(1011, 1, NULL, 21, 3, 5, 985, 32, '2025-06-13 09:17:29'),
(1012, 1, NULL, 12, 3, 6, 986, 32, '2025-06-13 09:17:29'),
(1013, 1, NULL, 1, 3, 7, 987, 32, '2025-06-13 09:17:29'),
(1014, 1, NULL, 11, 3, 8, 988, 32, '2025-06-13 09:17:29'),
(1015, 1, NULL, 7, 3, 9, 989, 32, '2025-06-13 09:17:29'),
(1016, 1, 12, NULL, 4, 10, 990, 32, '2025-06-13 09:17:29'),
(1017, 1, NULL, 14, 3, 1, 991, 32, '2025-06-13 09:17:29'),
(1018, 1, NULL, 10, 3, 2, 992, 32, '2025-06-13 09:17:29'),
(1019, 1, NULL, 5, 3, 3, 993, 32, '2025-06-13 09:17:29'),
(1020, 1, NULL, 20, 3, 4, 994, 32, '2025-06-13 09:17:29'),
(1021, 1, NULL, 3, 3, 5, 995, 32, '2025-06-13 09:17:29'),
(1022, 1, NULL, 3, 3, 6, 996, 32, '2025-06-13 09:17:29'),
(1023, 1, NULL, 20, 3, 7, 997, 32, '2025-06-13 09:17:29'),
(1024, 1, NULL, 12, 3, 8, 998, 32, '2025-06-13 09:17:29'),
(1025, 1, NULL, 4, 3, 9, 999, 32, '2025-06-13 09:17:29'),
(1026, 1, NULL, 60, 4, 10, 1000, 32, '2025-06-13 09:17:29'),
(1027, 1, NULL, 7, 3, 1, 1001, 32, '2025-06-13 09:17:29'),
(1028, 1, NULL, 18, 3, 2, 1002, 32, '2025-06-13 09:17:29'),
(1029, 1, NULL, 14, 3, 3, 1003, 32, '2025-06-13 09:17:29'),
(1030, 1, NULL, 10, 3, 4, 1004, 32, '2025-06-13 09:17:29'),
(1031, 1, NULL, 46, 4, 5, 1005, 32, '2025-06-13 09:17:29'),
(1032, 1, NULL, 9, 3, 6, 1006, 32, '2025-06-13 09:17:29'),
(1033, 1, NULL, 9, 3, 7, 1007, 32, '2025-06-13 09:17:29'),
(1034, 1, NULL, 21, 3, 8, 1008, 32, '2025-06-13 09:17:29'),
(1035, 1, NULL, 3, 3, 9, 1009, 32, '2025-06-13 09:17:29'),
(1036, 1, NULL, 16, 3, 10, 1010, 32, '2025-06-13 09:17:29'),
(1037, 1, NULL, 21, 3, 1, 1011, 32, '2025-06-13 09:17:30'),
(1038, 1, NULL, 4, 3, 2, 1012, 32, '2025-06-13 09:17:30'),
(1039, 1, NULL, 16, 3, 3, 1013, 32, '2025-06-13 09:17:30'),
(1040, 1, NULL, 12, 3, 4, 1014, 32, '2025-06-13 09:17:30'),
(1041, 1, NULL, 9, 3, 5, 1015, 32, '2025-06-13 09:17:30'),
(1042, 1, NULL, 15, 3, 6, 1016, 32, '2025-06-13 09:17:30'),
(1043, 1, NULL, 2, 3, 7, 1017, 32, '2025-06-13 09:17:30'),
(1044, 1, NULL, 9, 3, 8, 1018, 32, '2025-06-13 09:17:30'),
(1045, 1, NULL, 15, 3, 9, 1019, 32, '2025-06-13 09:17:30'),
(1046, 1, 28, NULL, 4, 10, 1020, 32, '2025-06-13 09:17:30'),
(1047, 1, NULL, 9, 3, 1, 1021, 32, '2025-06-13 09:17:30'),
(1048, 1, NULL, 3, 3, 2, 1022, 32, '2025-06-13 09:17:30'),
(1049, 1, NULL, 16, 3, 3, 1023, 32, '2025-06-13 09:17:30'),
(1050, 1, NULL, 9, 3, 4, 1024, 32, '2025-06-13 09:17:30'),
(1051, 1, NULL, 13, 3, 5, 1025, 32, '2025-06-13 09:17:30'),
(1052, 1, NULL, 18, 3, 6, 1026, 32, '2025-06-13 09:17:30'),
(1053, 1, NULL, 19, 3, 7, 1027, 32, '2025-06-13 09:17:30'),
(1054, 1, NULL, 21, 3, 8, 1028, 32, '2025-06-13 09:17:30'),
(1055, 1, NULL, 10, 3, 9, 1029, 32, '2025-06-13 09:17:30'),
(1056, 1, NULL, 33, 4, 10, 1030, 32, '2025-06-13 09:17:30'),
(1057, 1, NULL, 19, 3, 1, 1031, 32, '2025-06-13 09:17:30'),
(1058, 1, NULL, 15, 3, 2, 1032, 32, '2025-06-13 09:17:30'),
(1059, 1, NULL, 14, 3, 3, 1033, 32, '2025-06-13 09:17:30'),
(1060, 1, NULL, 16, 3, 4, 1034, 32, '2025-06-13 09:17:30'),
(1061, 1, NULL, 19, 3, 5, 1035, 32, '2025-06-13 09:17:30'),
(1062, 1, NULL, 9, 3, 6, 1036, 32, '2025-06-13 09:17:30'),
(1063, 1, NULL, 13, 3, 7, 1037, 32, '2025-06-13 09:17:30'),
(1064, 1, 7, NULL, 4, 8, 1038, 32, '2025-06-13 09:17:30'),
(1065, 1, NULL, 1, 3, 9, 1039, 32, '2025-06-13 09:17:30'),
(1066, 1, NULL, 19, 3, 10, 1040, 32, '2025-06-13 09:17:30'),
(1067, 1, NULL, 7, 3, 1, 1041, 32, '2025-06-13 09:17:27'),
(1068, 1, NULL, 15, 3, 2, 1042, 32, '2025-06-13 09:17:27'),
(1069, 1, NULL, 10, 3, 3, 1043, 32, '2025-06-13 09:17:27'),
(1070, 1, NULL, 5, 3, 4, 1044, 32, '2025-06-13 09:17:27'),
(1071, 1, NULL, 6, 3, 5, 1045, 32, '2025-06-13 09:17:27'),
(1072, 1, NULL, 8, 3, 6, 1046, 32, '2025-06-13 09:17:27'),
(1073, 1, NULL, 9, 3, 7, 1047, 32, '2025-06-13 09:17:27'),
(1074, 1, NULL, 17, 3, 8, 1048, 32, '2025-06-13 09:17:27'),
(1075, 1, NULL, 16, 3, 9, 1049, 32, '2025-06-13 09:17:27'),
(1076, 1, NULL, 45, 4, 10, 1050, 32, '2025-06-13 09:17:27'),
(1077, 1, NULL, 7, 3, 1, 1051, 32, '2025-06-13 09:17:28'),
(1078, 1, 35, NULL, 5, 2, 1052, 32, '2025-06-13 09:17:28'),
(1079, 1, NULL, 17, 3, 3, 1053, 32, '2025-06-13 09:17:28'),
(1080, 1, NULL, 14, 3, 4, 1054, 32, '2025-06-13 09:17:28'),
(1081, 1, NULL, 19, 3, 5, 1055, 32, '2025-06-13 09:17:28'),
(1082, 1, NULL, 17, 3, 6, 1056, 32, '2025-06-13 09:17:28'),
(1083, 1, NULL, 3, 3, 7, 1057, 32, '2025-06-13 09:17:28'),
(1084, 1, NULL, 13, 3, 8, 1058, 32, '2025-06-13 09:17:28'),
(1085, 1, NULL, 3, 3, 9, 1059, 32, '2025-06-13 09:17:28'),
(1086, 1, NULL, 42, 4, 10, 1060, 32, '2025-06-13 09:17:28'),
(1087, 1, NULL, 2, 3, 1, 1061, 32, '2025-06-13 09:17:28'),
(1088, 1, NULL, 3, 3, 2, 1062, 32, '2025-06-13 09:17:28'),
(1089, 1, 24, NULL, 4, 3, 1063, 32, '2025-06-13 09:17:28'),
(1090, 1, NULL, 14, 3, 4, 1064, 32, '2025-06-13 09:17:28'),
(1091, 1, NULL, 10, 3, 5, 1065, 32, '2025-06-13 09:17:28'),
(1092, 1, NULL, 4, 3, 6, 1066, 32, '2025-06-13 09:17:28'),
(1093, 1, NULL, 6, 3, 7, 1067, 32, '2025-06-13 09:17:28'),
(1094, 1, NULL, 9, 3, 8, 1068, 32, '2025-06-13 09:17:28'),
(1095, 1, NULL, 4, 3, 9, 1069, 32, '2025-06-13 09:17:28'),
(1096, 1, NULL, 11, 3, 10, 1070, 32, '2025-06-13 09:17:28'),
(1097, 1, NULL, 15, 3, 1, 1071, 32, '2025-06-13 09:17:29'),
(1098, 1, NULL, 1, 3, 2, 1072, 32, '2025-06-13 09:17:29'),
(1099, 1, NULL, 5, 3, 3, 1073, 32, '2025-06-13 09:17:29'),
(1100, 1, NULL, 12, 3, 4, 1074, 32, '2025-06-13 09:17:29'),
(1101, 1, 35, NULL, 5, 5, 1075, 32, '2025-06-13 09:17:29'),
(1102, 1, NULL, 4, 3, 6, 1076, 32, '2025-06-13 09:17:29'),
(1103, 1, NULL, 14, 3, 7, 1077, 32, '2025-06-13 09:17:29'),
(1104, 1, NULL, 14, 3, 8, 1078, 32, '2025-06-13 09:17:29'),
(1105, 1, NULL, 55, 4, 9, 1079, 32, '2025-06-13 09:17:29'),
(1106, 1, NULL, 4, 3, 10, 1080, 32, '2025-06-13 09:17:29'),
(1107, 1, NULL, 15, 3, 1, 1081, 32, '2025-06-13 09:17:29'),
(1108, 1, NULL, 12, 3, 2, 1082, 32, '2025-06-13 09:17:29'),
(1109, 1, 2, NULL, 4, 3, 1083, 32, '2025-06-13 09:17:29'),
(1110, 1, NULL, 3, 3, 4, 1084, 32, '2025-06-13 09:17:29'),
(1111, 1, 24, NULL, 4, 5, 1085, 32, '2025-06-13 09:17:29'),
(1112, 1, NULL, 17, 3, 6, 1086, 32, '2025-06-13 09:17:29'),
(1113, 1, NULL, 8, 3, 7, 1087, 32, '2025-06-13 09:17:30'),
(1114, 1, NULL, 16, 3, 8, 1088, 32, '2025-06-13 09:17:30'),
(1115, 1, NULL, 9, 3, 9, 1089, 32, '2025-06-13 09:17:30'),
(1116, 1, NULL, 1, 3, 10, 1090, 32, '2025-06-13 09:17:30'),
(1117, 1, NULL, 14, 3, 1, 1091, 32, '2025-06-13 09:17:30'),
(1118, 1, NULL, 5, 3, 2, 1092, 32, '2025-06-13 09:17:30'),
(1119, 1, NULL, 3, 3, 3, 1093, 32, '2025-06-13 09:17:30'),
(1120, 1, NULL, 12, 3, 4, 1094, 32, '2025-06-13 09:17:30'),
(1121, 1, NULL, 14, 3, 5, 1095, 32, '2025-06-13 09:17:30'),
(1122, 1, NULL, 16, 3, 6, 1096, 32, '2025-06-13 09:17:30'),
(1123, 1, NULL, 11, 3, 7, 1097, 32, '2025-06-13 09:17:30'),
(1124, 1, NULL, 1, 3, 8, 1098, 32, '2025-06-13 09:17:30'),
(1125, 1, NULL, 9, 3, 9, 1099, 32, '2025-06-13 09:17:30'),
(1126, 1, 7, NULL, 4, 10, 1100, 32, '2025-06-13 09:17:30'),
(1127, 1, NULL, 12, 3, 1, 1101, 32, '2025-06-13 09:17:30'),
(1128, 1, 1, NULL, 4, 2, 1102, 32, '2025-06-13 09:17:30'),
(1129, 1, NULL, 53, 4, 3, 1103, 32, '2025-06-13 09:17:30'),
(1130, 1, NULL, 1, 3, 4, 1104, 32, '2025-06-13 09:17:30'),
(1131, 1, NULL, 19, 3, 5, 1105, 32, '2025-06-13 09:17:30'),
(1132, 1, NULL, 35, 4, 6, 1106, 32, '2025-06-13 09:17:30'),
(1133, 1, NULL, 17, 3, 7, 1107, 32, '2025-06-13 09:17:30'),
(1134, 1, NULL, 17, 3, 8, 1108, 32, '2025-06-13 09:17:30'),
(1135, 1, NULL, 15, 3, 9, 1109, 32, '2025-06-13 09:17:30'),
(1136, 1, 24, NULL, 4, 10, 1110, 32, '2025-06-13 09:17:30'),
(1137, 1, NULL, 12, 3, 1, 1111, 32, '2025-06-13 09:17:30'),
(1138, 1, NULL, 7, 3, 2, 1112, 32, '2025-06-13 09:17:30'),
(1139, 1, NULL, 6, 3, 3, 1113, 32, '2025-06-13 09:17:30'),
(1140, 1, NULL, 10, 3, 4, 1114, 32, '2025-06-13 09:17:30'),
(1141, 1, NULL, 10, 3, 5, 1115, 32, '2025-06-13 09:17:30'),
(1142, 1, NULL, 12, 3, 6, 1116, 32, '2025-06-13 09:17:30'),
(1143, 1, NULL, 8, 3, 7, 1117, 32, '2025-06-13 09:17:30'),
(1144, 1, NULL, 1, 3, 8, 1118, 32, '2025-06-13 09:17:30'),
(1145, 1, NULL, 16, 3, 9, 1119, 32, '2025-06-13 09:17:30'),
(1146, 1, NULL, 51, 4, 10, 1120, 32, '2025-06-13 09:17:30'),
(1147, 1, 7, NULL, 4, 1, 1121, 32, '2025-06-13 09:17:30'),
(1148, 1, NULL, 16, 3, 2, 1122, 32, '2025-06-13 09:17:30'),
(1149, 1, NULL, 3, 3, 3, 1123, 32, '2025-06-13 09:17:30'),
(1150, 1, NULL, 16, 3, 4, 1124, 32, '2025-06-13 09:17:30'),
(1151, 1, NULL, 58, 4, 5, 1125, 32, '2025-06-13 09:17:30'),
(1152, 1, NULL, 2, 3, 6, 1126, 32, '2025-06-13 09:17:30'),
(1153, 1, NULL, 12, 3, 7, 1127, 32, '2025-06-13 09:17:30'),
(1154, 1, NULL, 11, 3, 8, 1128, 32, '2025-06-13 09:17:30'),
(1155, 1, NULL, 7, 3, 9, 1129, 32, '2025-06-13 09:17:30'),
(1156, 1, NULL, 12, 3, 10, 1130, 32, '2025-06-13 09:17:30'),
(1157, 1, NULL, 6, 3, 1, 1131, 32, '2025-06-13 09:17:31'),
(1158, 1, NULL, 10, 3, 2, 1132, 32, '2025-06-13 09:17:31'),
(1159, 1, NULL, 11, 3, 3, 1133, 32, '2025-06-13 09:17:31'),
(1160, 1, NULL, 17, 3, 4, 1134, 32, '2025-06-13 09:17:31'),
(1161, 1, NULL, 6, 3, 5, 1135, 32, '2025-06-13 09:17:31'),
(1162, 1, NULL, 3, 3, 6, 1136, 32, '2025-06-13 09:17:31'),
(1163, 1, NULL, 2, 3, 7, 1137, 32, '2025-06-13 09:17:31'),
(1164, 1, NULL, 3, 3, 8, 1138, 32, '2025-06-13 09:17:31'),
(1165, 1, NULL, 5, 3, 9, 1139, 32, '2025-06-13 09:17:31'),
(1166, 1, 28, NULL, 4, 10, 1140, 32, '2025-06-13 09:17:31'),
(1167, 1, NULL, 11, 3, 1, 1141, 32, '2025-06-13 09:17:31'),
(1168, 1, NULL, 4, 3, 2, 1142, 32, '2025-06-13 09:17:31'),
(1169, 1, NULL, 13, 3, 3, 1143, 32, '2025-06-13 09:17:31'),
(1170, 1, NULL, 1, 3, 4, 1144, 32, '2025-06-13 09:17:31'),
(1171, 1, NULL, 2, 3, 5, 1145, 32, '2025-06-13 09:17:31'),
(1172, 1, NULL, 12, 3, 6, 1146, 32, '2025-06-13 09:17:31'),
(1173, 1, NULL, 15, 3, 7, 1147, 32, '2025-06-13 09:17:31'),
(1174, 1, NULL, 5, 3, 8, 1148, 32, '2025-06-13 09:17:31'),
(1175, 1, NULL, 18, 3, 9, 1149, 32, '2025-06-13 09:17:31'),
(1176, 1, 7, NULL, 4, 10, 1150, 32, '2025-06-13 09:17:31'),
(1177, 1, NULL, 19, 3, 1, 1151, 32, '2025-06-13 09:17:31'),
(1178, 1, NULL, 2, 3, 2, 1152, 32, '2025-06-13 09:17:31'),
(1179, 1, NULL, 17, 3, 3, 1153, 32, '2025-06-13 09:17:31'),
(1180, 1, NULL, 15, 3, 4, 1154, 32, '2025-06-13 09:17:31'),
(1181, 1, 35, NULL, 5, 5, 1155, 32, '2025-06-13 09:17:31'),
(1182, 1, NULL, 16, 3, 6, 1156, 32, '2025-06-13 09:17:31'),
(1183, 1, NULL, 2, 3, 7, 1157, 32, '2025-06-13 09:17:31'),
(1184, 1, NULL, 3, 3, 8, 1158, 32, '2025-06-13 09:17:31'),
(1185, 1, NULL, 21, 3, 9, 1159, 32, '2025-06-13 09:17:31'),
(1186, 1, 24, NULL, 4, 10, 1160, 32, '2025-06-13 09:17:31'),
(1187, 1, NULL, 16, 3, 1, 1161, 32, '2025-06-13 09:17:31'),
(1188, 1, NULL, 18, 3, 2, 1162, 32, '2025-06-13 09:17:31'),
(1189, 1, NULL, 21, 3, 3, 1163, 32, '2025-06-13 09:17:31'),
(1190, 1, NULL, 6, 3, 4, 1164, 32, '2025-06-13 09:17:31'),
(1191, 1, NULL, 8, 3, 5, 1165, 32, '2025-06-13 09:17:31'),
(1192, 1, NULL, 8, 3, 6, 1166, 32, '2025-06-13 09:17:31'),
(1193, 1, NULL, 21, 3, 7, 1167, 32, '2025-06-13 09:17:31'),
(1194, 1, NULL, 18, 3, 8, 1168, 32, '2025-06-13 09:17:31'),
(1195, 1, NULL, 19, 3, 9, 1169, 32, '2025-06-13 09:17:31'),
(1196, 1, NULL, 51, 4, 10, 1170, 32, '2025-06-13 09:17:31'),
(1197, 1, NULL, 2, 3, 1, 1171, 32, '2025-06-13 09:17:31'),
(1198, 1, NULL, 55, 4, 2, 1172, 32, '2025-06-13 09:17:31'),
(1199, 1, NULL, 15, 3, 3, 1173, 32, '2025-06-13 09:17:31'),
(1200, 1, NULL, 14, 3, 4, 1174, 32, '2025-06-13 09:17:31'),
(1201, 1, NULL, 1, 3, 5, 1175, 32, '2025-06-13 09:17:31'),
(1202, 1, NULL, 7, 3, 6, 1176, 32, '2025-06-13 09:17:31'),
(1203, 1, NULL, 19, 3, 7, 1177, 32, '2025-06-13 09:17:31'),
(1204, 1, NULL, 4, 3, 8, 1178, 32, '2025-06-13 09:17:31'),
(1205, 1, NULL, 9, 3, 9, 1179, 32, '2025-06-13 09:17:31'),
(1206, 1, NULL, 21, 3, 10, 1180, 32, '2025-06-13 09:17:31'),
(1207, 1, NULL, 2, 3, 1, 1181, 32, '2025-06-13 09:20:48'),
(1208, 1, NULL, 11, 3, 2, 1182, 32, '2025-06-13 09:20:48'),
(1209, 1, NULL, 9, 3, 3, 1183, 32, '2025-06-13 09:20:48'),
(1210, 1, NULL, 11, 3, 4, 1184, 32, '2025-06-13 09:20:48'),
(1211, 1, NULL, 17, 3, 5, 1185, 32, '2025-06-13 09:20:48'),
(1212, 1, NULL, 8, 3, 6, 1186, 32, '2025-06-13 09:20:48'),
(1213, 1, NULL, 17, 3, 7, 1187, 32, '2025-06-13 09:20:48'),
(1214, 1, NULL, 8, 3, 8, 1188, 32, '2025-06-13 09:20:48'),
(1215, 1, NULL, 2, 3, 9, 1189, 32, '2025-06-13 09:20:48'),
(1216, 1, 24, NULL, 4, 10, 1190, 32, '2025-06-13 09:20:48'),
(1217, 1, NULL, 17, 3, 1, 1191, 32, '2025-06-13 09:20:49'),
(1218, 1, NULL, 7, 3, 2, 1192, 32, '2025-06-13 09:20:49'),
(1219, 1, NULL, 8, 3, 3, 1193, 32, '2025-06-13 09:20:49'),
(1220, 1, NULL, 16, 3, 4, 1194, 32, '2025-06-13 09:20:49'),
(1221, 1, NULL, 16, 3, 5, 1195, 32, '2025-06-13 09:20:49'),
(1222, 1, NULL, 1, 3, 6, 1196, 32, '2025-06-13 09:20:49'),
(1223, 1, NULL, 15, 3, 7, 1197, 32, '2025-06-13 09:20:49'),
(1224, 1, NULL, 8, 3, 8, 1198, 32, '2025-06-13 09:20:49'),
(1225, 1, NULL, 1, 3, 9, 1199, 32, '2025-06-13 09:20:49'),
(1226, 1, NULL, 60, 4, 10, 1200, 32, '2025-06-13 09:20:49'),
(1227, 1, NULL, 9, 3, 1, 1201, 32, '2025-06-13 09:20:50'),
(1228, 1, NULL, 4, 3, 2, 1202, 32, '2025-06-13 09:20:50'),
(1229, 1, NULL, 18, 3, 3, 1203, 32, '2025-06-13 09:20:50'),
(1230, 1, NULL, 18, 3, 4, 1204, 32, '2025-06-13 09:20:50'),
(1231, 1, NULL, 3, 3, 5, 1205, 32, '2025-06-13 09:20:50'),
(1232, 1, NULL, 8, 3, 6, 1206, 32, '2025-06-13 09:20:50'),
(1233, 1, NULL, 6, 3, 7, 1207, 32, '2025-06-13 09:20:50'),
(1234, 1, NULL, 16, 3, 8, 1208, 32, '2025-06-13 09:20:50'),
(1235, 1, NULL, 7, 3, 9, 1209, 32, '2025-06-13 09:20:50'),
(1236, 1, NULL, 37, 4, 10, 1210, 32, '2025-06-13 09:20:50'),
(1237, 1, 7, NULL, 4, 1, 1211, 32, '2025-06-13 09:20:50'),
(1238, 1, NULL, 7, 3, 2, 1212, 32, '2025-06-13 09:20:50'),
(1239, 1, NULL, 32, 4, 3, 1213, 32, '2025-06-13 09:20:50'),
(1240, 1, NULL, 10, 3, 4, 1214, 32, '2025-06-13 09:20:50'),
(1241, 1, NULL, 14, 3, 5, 1215, 32, '2025-06-13 09:20:50'),
(1242, 1, NULL, 8, 3, 6, 1216, 32, '2025-06-13 09:20:50'),
(1243, 1, 2, NULL, 4, 7, 1217, 32, '2025-06-13 09:20:50'),
(1244, 1, NULL, 8, 3, 8, 1218, 32, '2025-06-13 09:20:50'),
(1245, 1, NULL, 5, 3, 9, 1219, 32, '2025-06-13 09:20:50'),
(1246, 1, NULL, 1, 3, 10, 1220, 32, '2025-06-13 09:20:50'),
(1247, 1, NULL, 15, 3, 1, 1221, 32, '2025-06-13 09:20:51'),
(1248, 1, 24, NULL, 4, 2, 1222, 32, '2025-06-13 09:20:51'),
(1249, 1, NULL, 21, 3, 3, 1223, 32, '2025-06-13 09:20:51'),
(1250, 1, NULL, 1, 3, 4, 1224, 32, '2025-06-13 09:20:51'),
(1251, 1, NULL, 17, 3, 5, 1225, 32, '2025-06-13 09:20:51'),
(1252, 1, NULL, 20, 3, 6, 1226, 32, '2025-06-13 09:20:51'),
(1253, 1, NULL, 2, 3, 7, 1227, 32, '2025-06-13 09:20:51'),
(1254, 1, NULL, 1, 3, 8, 1228, 32, '2025-06-13 09:20:51'),
(1255, 1, NULL, 9, 3, 9, 1229, 32, '2025-06-13 09:20:51'),
(1256, 1, NULL, 18, 3, 10, 1230, 32, '2025-06-13 09:20:51'),
(1257, 1, NULL, 8, 3, 1, 1231, 32, '2025-06-13 09:20:52'),
(1258, 1, NULL, 7, 3, 2, 1232, 32, '2025-06-13 09:20:52'),
(1259, 1, NULL, 1, 3, 3, 1233, 32, '2025-06-13 09:20:52'),
(1260, 1, NULL, 4, 3, 4, 1234, 32, '2025-06-13 09:20:52'),
(1261, 1, 35, NULL, 5, 5, 1235, 32, '2025-06-13 09:20:52'),
(1262, 1, NULL, 13, 3, 6, 1236, 32, '2025-06-13 09:20:52'),
(1263, 1, NULL, 4, 3, 7, 1237, 32, '2025-06-13 09:20:52'),
(1264, 1, NULL, 43, 4, 8, 1238, 32, '2025-06-13 09:20:52'),
(1265, 1, NULL, 14, 3, 9, 1239, 32, '2025-06-13 09:20:52'),
(1266, 1, NULL, 16, 3, 10, 1240, 32, '2025-06-13 09:20:52'),
(1267, 1, NULL, 6, 3, 1, 1241, 32, '2025-06-13 09:20:54'),
(1268, 1, NULL, 8, 3, 2, 1242, 32, '2025-06-13 09:20:54'),
(1269, 1, NULL, 2, 3, 3, 1243, 32, '2025-06-13 09:20:54'),
(1270, 1, NULL, 20, 3, 4, 1244, 32, '2025-06-13 09:20:54'),
(1271, 1, NULL, 12, 3, 5, 1245, 32, '2025-06-13 09:20:54'),
(1272, 1, NULL, 11, 3, 6, 1246, 32, '2025-06-13 09:20:54'),
(1273, 1, NULL, 12, 3, 7, 1247, 32, '2025-06-13 09:20:54'),
(1274, 1, NULL, 18, 3, 8, 1248, 32, '2025-06-13 09:20:54'),
(1275, 1, NULL, 9, 3, 9, 1249, 32, '2025-06-13 09:20:54'),
(1276, 1, 28, NULL, 4, 10, 1250, 32, '2025-06-13 09:20:54'),
(1277, 1, NULL, 13, 3, 1, 1251, 32, '2025-06-13 09:20:55'),
(1278, 1, 11, NULL, 4, 2, 1252, 32, '2025-06-13 09:20:55'),
(1279, 1, NULL, 19, 3, 3, 1253, 32, '2025-06-13 09:20:55'),
(1280, 1, NULL, 18, 3, 4, 1254, 32, '2025-06-13 09:20:55'),
(1281, 1, NULL, 8, 3, 5, 1255, 32, '2025-06-13 09:20:55'),
(1282, 1, NULL, 5, 3, 6, 1256, 32, '2025-06-13 09:20:55'),
(1283, 1, NULL, 15, 3, 7, 1257, 32, '2025-06-13 09:20:55'),
(1284, 1, NULL, 8, 3, 8, 1258, 32, '2025-06-13 09:20:55'),
(1285, 1, NULL, 4, 3, 9, 1259, 32, '2025-06-13 09:20:55'),
(1286, 1, NULL, 1, 3, 10, 1260, 32, '2025-06-13 09:20:55'),
(1287, 1, NULL, 14, 3, 1, 1261, 32, '2025-06-13 09:20:56'),
(1288, 1, NULL, 1, 3, 2, 1262, 32, '2025-06-13 09:20:56'),
(1289, 1, NULL, 10, 3, 3, 1263, 32, '2025-06-13 09:20:56'),
(1290, 1, NULL, 3, 3, 4, 1264, 32, '2025-06-13 09:20:56'),
(1291, 1, NULL, 13, 3, 5, 1265, 32, '2025-06-13 09:20:56'),
(1292, 1, NULL, 44, 4, 6, 1266, 32, '2025-06-13 09:20:56'),
(1293, 1, NULL, 20, 3, 7, 1267, 32, '2025-06-13 09:20:56'),
(1294, 1, NULL, 1, 3, 8, 1268, 32, '2025-06-13 09:20:56'),
(1295, 1, NULL, 4, 3, 9, 1269, 32, '2025-06-13 09:20:56'),
(1296, 1, NULL, 16, 3, 10, 1270, 32, '2025-06-13 09:20:56'),
(1297, 1, NULL, 12, 3, 1, 1271, 32, '2025-06-13 09:20:54'),
(1298, 1, NULL, 15, 3, 2, 1272, 32, '2025-06-13 09:20:54'),
(1299, 1, NULL, 6, 3, 3, 1273, 32, '2025-06-13 09:20:54'),
(1300, 1, NULL, 19, 3, 4, 1274, 32, '2025-06-13 09:20:54'),
(1301, 1, NULL, 16, 3, 5, 1275, 32, '2025-06-13 09:20:54'),
(1302, 1, NULL, 4, 3, 6, 1276, 32, '2025-06-13 09:20:54'),
(1303, 1, NULL, 14, 3, 7, 1277, 32, '2025-06-13 09:20:54'),
(1304, 1, NULL, 17, 3, 8, 1278, 32, '2025-06-13 09:20:54'),
(1305, 1, NULL, 9, 3, 9, 1279, 32, '2025-06-13 09:20:54'),
(1306, 1, 9, NULL, 4, 10, 1280, 32, '2025-06-13 09:20:54'),
(1307, 1, NULL, 16, 3, 1, 1281, 32, '2025-06-13 09:20:54'),
(1308, 1, NULL, 11, 3, 2, 1282, 32, '2025-06-13 09:20:54'),
(1309, 1, NULL, 8, 3, 3, 1283, 32, '2025-06-13 09:20:54'),
(1310, 1, NULL, 10, 3, 4, 1284, 32, '2025-06-13 09:20:54'),
(1311, 1, NULL, 3, 3, 5, 1285, 32, '2025-06-13 09:20:54'),
(1312, 1, NULL, 11, 3, 6, 1286, 32, '2025-06-13 09:20:54'),
(1313, 1, NULL, 12, 3, 7, 1287, 32, '2025-06-13 09:20:54'),
(1314, 1, NULL, 18, 3, 8, 1288, 32, '2025-06-13 09:20:54'),
(1315, 1, NULL, 19, 3, 9, 1289, 32, '2025-06-13 09:20:54'),
(1316, 1, NULL, 59, 4, 10, 1290, 32, '2025-06-13 09:20:54'),
(1317, 1, NULL, 6, 3, 1, 1291, 32, '2025-06-13 09:20:55'),
(1318, 1, NULL, 14, 3, 2, 1292, 32, '2025-06-13 09:20:55'),
(1319, 1, NULL, 17, 3, 3, 1293, 32, '2025-06-13 09:20:55'),
(1320, 1, NULL, 7, 3, 4, 1294, 32, '2025-06-13 09:20:55'),
(1321, 1, NULL, 8, 3, 5, 1295, 32, '2025-06-13 09:20:55'),
(1322, 1, NULL, 13, 3, 6, 1296, 32, '2025-06-13 09:20:55'),
(1323, 1, NULL, 16, 3, 7, 1297, 32, '2025-06-13 09:20:55'),
(1324, 1, NULL, 5, 3, 8, 1298, 32, '2025-06-13 09:20:55'),
(1325, 1, NULL, 1, 3, 9, 1299, 32, '2025-06-13 09:20:55'),
(1326, 1, 8, NULL, 4, 10, 1300, 32, '2025-06-13 09:20:55'),
(1327, 1, NULL, 7, 3, 1, 1301, 32, '2025-06-13 09:20:56'),
(1328, 1, NULL, 21, 3, 2, 1302, 32, '2025-06-13 09:20:56'),
(1329, 1, NULL, 9, 3, 3, 1303, 32, '2025-06-13 09:20:56'),
(1330, 1, NULL, 18, 3, 4, 1304, 32, '2025-06-13 09:20:56'),
(1331, 1, NULL, 10, 3, 5, 1305, 32, '2025-06-13 09:20:56'),
(1332, 1, NULL, 4, 3, 6, 1306, 32, '2025-06-13 09:20:56'),
(1333, 1, NULL, 2, 3, 7, 1307, 32, '2025-06-13 09:20:56'),
(1334, 1, NULL, 1, 3, 8, 1308, 32, '2025-06-13 09:20:56'),
(1335, 1, NULL, 8, 3, 9, 1309, 32, '2025-06-13 09:20:56'),
(1336, 1, NULL, 22, 4, 10, 1310, 32, '2025-06-13 09:20:56'),
(1337, 1, NULL, 12, 3, 1, 1311, 32, '2025-06-13 09:20:56'),
(1338, 1, NULL, 12, 3, 2, 1312, 32, '2025-06-13 09:20:56'),
(1339, 1, NULL, 18, 3, 3, 1313, 32, '2025-06-13 09:20:56'),
(1340, 1, NULL, 10, 3, 4, 1314, 32, '2025-06-13 09:20:56'),
(1341, 1, 35, NULL, 5, 5, 1315, 32, '2025-06-13 09:20:56'),
(1342, 1, NULL, 14, 3, 6, 1316, 32, '2025-06-13 09:20:56'),
(1343, 1, 28, NULL, 4, 7, 1317, 32, '2025-06-13 09:20:56'),
(1344, 1, NULL, 1, 3, 8, 1318, 32, '2025-06-13 09:20:56'),
(1345, 1, NULL, 14, 3, 9, 1319, 32, '2025-06-13 09:20:56'),
(1346, 1, NULL, 8, 3, 10, 1320, 32, '2025-06-13 09:20:56'),
(1347, 1, NULL, 10, 3, 1, 1321, 32, '2025-06-13 09:20:58'),
(1348, 1, NULL, 2, 3, 2, 1322, 32, '2025-06-13 09:20:58'),
(1349, 1, NULL, 7, 3, 3, 1323, 32, '2025-06-13 09:20:58'),
(1350, 1, NULL, 20, 3, 4, 1324, 32, '2025-06-13 09:20:58'),
(1351, 1, NULL, 7, 3, 5, 1325, 32, '2025-06-13 09:20:58'),
(1352, 1, NULL, 3, 3, 6, 1326, 32, '2025-06-13 09:20:58'),
(1353, 1, NULL, 3, 3, 7, 1327, 32, '2025-06-13 09:20:58'),
(1354, 1, NULL, 8, 3, 8, 1328, 32, '2025-06-13 09:20:58'),
(1355, 1, NULL, 11, 3, 9, 1329, 32, '2025-06-13 09:20:58'),
(1356, 1, 12, NULL, 4, 10, 1330, 32, '2025-06-13 09:20:58'),
(1357, 1, NULL, 21, 3, 1, 1331, 32, '2025-06-13 09:20:59'),
(1358, 1, NULL, 19, 3, 2, 1332, 32, '2025-06-13 09:20:59'),
(1359, 1, NULL, 13, 3, 3, 1333, 32, '2025-06-13 09:20:59'),
(1360, 1, NULL, 6, 3, 4, 1334, 32, '2025-06-13 09:20:59'),
(1361, 1, NULL, 17, 3, 5, 1335, 32, '2025-06-13 09:20:59'),
(1362, 1, NULL, 13, 3, 6, 1336, 32, '2025-06-13 09:20:59'),
(1363, 1, NULL, 8, 3, 7, 1337, 32, '2025-06-13 09:20:59'),
(1364, 1, NULL, 11, 3, 8, 1338, 32, '2025-06-13 09:20:59'),
(1365, 1, NULL, 9, 3, 9, 1339, 32, '2025-06-13 09:20:59'),
(1366, 1, 9, NULL, 4, 10, 1340, 32, '2025-06-13 09:20:59'),
(1367, 1, NULL, 21, 3, 1, 1341, 32, '2025-06-13 09:20:59'),
(1368, 1, NULL, 6, 3, 2, 1342, 32, '2025-06-13 09:20:59'),
(1369, 1, NULL, 8, 3, 3, 1343, 32, '2025-06-13 09:20:59'),
(1370, 1, NULL, 9, 3, 4, 1344, 32, '2025-06-13 09:20:59'),
(1371, 1, NULL, 4, 3, 5, 1345, 32, '2025-06-13 09:20:59'),
(1372, 1, NULL, 6, 3, 6, 1346, 32, '2025-06-13 09:21:00'),
(1373, 1, NULL, 10, 3, 7, 1347, 32, '2025-06-13 09:21:00'),
(1374, 1, NULL, 16, 3, 8, 1348, 32, '2025-06-13 09:21:00'),
(1375, 1, NULL, 5, 3, 9, 1349, 32, '2025-06-13 09:21:00'),
(1376, 1, 7, NULL, 4, 10, 1350, 32, '2025-06-13 09:21:00'),
(1377, 1, NULL, 19, 3, 1, 1351, 32, '2025-06-13 09:21:00'),
(1378, 1, NULL, 17, 3, 2, 1352, 32, '2025-06-13 09:21:00'),
(1379, 1, NULL, 21, 3, 3, 1353, 32, '2025-06-13 09:21:00'),
(1380, 1, NULL, 20, 3, 4, 1354, 32, '2025-06-13 09:21:00'),
(1381, 1, NULL, 13, 3, 5, 1355, 32, '2025-06-13 09:21:00'),
(1382, 1, NULL, 4, 3, 6, 1356, 32, '2025-06-13 09:21:00'),
(1383, 1, NULL, 5, 3, 7, 1357, 32, '2025-06-13 09:21:00'),
(1384, 1, NULL, 17, 3, 8, 1358, 32, '2025-06-13 09:21:00'),
(1385, 1, NULL, 5, 3, 9, 1359, 32, '2025-06-13 09:21:00'),
(1386, 1, 24, NULL, 4, 10, 1360, 32, '2025-06-13 09:21:00'),
(1387, 1, NULL, 21, 3, 1, 1361, 32, '2025-06-13 09:21:01'),
(1388, 1, NULL, 5, 3, 2, 1362, 32, '2025-06-13 09:21:01'),
(1389, 1, NULL, 6, 3, 3, 1363, 32, '2025-06-13 09:21:01'),
(1390, 1, NULL, 2, 3, 4, 1364, 32, '2025-06-13 09:21:01'),
(1391, 1, NULL, 10, 3, 5, 1365, 32, '2025-06-13 09:21:01'),
(1392, 1, NULL, 32, 4, 6, 1366, 32, '2025-06-13 09:21:01'),
(1393, 1, NULL, 4, 3, 7, 1367, 32, '2025-06-13 09:21:01'),
(1394, 1, NULL, 21, 3, 8, 1368, 32, '2025-06-13 09:21:01'),
(1395, 1, NULL, 12, 3, 9, 1369, 32, '2025-06-13 09:21:01'),
(1396, 1, NULL, 17, 3, 10, 1370, 32, '2025-06-13 09:21:01'),
(1397, 1, NULL, 17, 3, 1, 1371, 32, '2025-06-13 09:21:02'),
(1398, 1, NULL, 21, 3, 2, 1372, 32, '2025-06-13 09:21:02'),
(1399, 1, NULL, 7, 3, 3, 1373, 32, '2025-06-13 09:21:02'),
(1400, 1, NULL, 16, 3, 4, 1374, 32, '2025-06-13 09:21:02'),
(1401, 1, NULL, 18, 3, 5, 1375, 32, '2025-06-13 09:21:02'),
(1402, 1, NULL, 19, 3, 6, 1376, 32, '2025-06-13 09:21:02'),
(1403, 1, NULL, 19, 3, 7, 1377, 32, '2025-06-13 09:21:02'),
(1404, 1, NULL, 2, 3, 8, 1378, 32, '2025-06-13 09:21:02'),
(1405, 1, NULL, 12, 3, 9, 1379, 32, '2025-06-13 09:21:02'),
(1406, 1, NULL, 29, 4, 10, 1380, 32, '2025-06-13 09:21:02'),
(1407, 1, NULL, 4, 3, 1, 1381, 32, '2025-06-13 09:21:02'),
(1408, 1, NULL, 20, 3, 2, 1382, 32, '2025-06-13 09:21:02'),
(1409, 1, NULL, 14, 3, 3, 1383, 32, '2025-06-13 09:21:02'),
(1410, 1, NULL, 18, 3, 4, 1384, 32, '2025-06-13 09:21:02'),
(1411, 1, NULL, 21, 3, 5, 1385, 32, '2025-06-13 09:21:02'),
(1412, 1, NULL, 11, 3, 6, 1386, 32, '2025-06-13 09:21:02'),
(1413, 1, NULL, 21, 3, 7, 1387, 32, '2025-06-13 09:21:02'),
(1414, 1, NULL, 10, 3, 8, 1388, 32, '2025-06-13 09:21:02'),
(1415, 1, NULL, 4, 3, 9, 1389, 32, '2025-06-13 09:21:02'),
(1416, 1, 24, NULL, 4, 10, 1390, 32, '2025-06-13 09:21:02'),
(1417, 1, NULL, 18, 3, 1, 1391, 32, '2025-06-13 09:21:03'),
(1418, 1, NULL, 3, 3, 2, 1392, 32, '2025-06-13 09:21:03'),
(1419, 1, NULL, 20, 3, 3, 1393, 32, '2025-06-13 09:21:03'),
(1420, 1, NULL, 3, 3, 4, 1394, 32, '2025-06-13 09:21:03'),
(1421, 1, 35, NULL, 5, 5, 1395, 32, '2025-06-13 09:21:03'),
(1422, 1, NULL, 9, 3, 6, 1396, 32, '2025-06-13 09:21:03'),
(1423, 1, NULL, 7, 3, 7, 1397, 32, '2025-06-13 09:21:03'),
(1424, 1, NULL, 7, 3, 8, 1398, 32, '2025-06-13 09:21:03'),
(1425, 1, NULL, 17, 3, 9, 1399, 32, '2025-06-13 09:21:03'),
(1426, 1, NULL, 51, 4, 10, 1400, 32, '2025-06-13 09:21:03'),
(1427, 1, NULL, 17, 3, 1, 1401, 32, '2025-06-13 09:21:07'),
(1428, 1, NULL, 1, 3, 2, 1402, 32, '2025-06-13 09:21:07'),
(1429, 1, NULL, 11, 3, 3, 1403, 32, '2025-06-13 09:21:07'),
(1430, 1, NULL, 1, 3, 4, 1404, 32, '2025-06-13 09:21:07'),
(1431, 1, NULL, 2, 3, 5, 1405, 32, '2025-06-13 09:21:07'),
(1432, 1, NULL, 13, 3, 6, 1406, 32, '2025-06-13 09:21:07'),
(1433, 1, NULL, 8, 3, 7, 1407, 32, '2025-06-13 09:21:07'),
(1434, 1, NULL, 16, 3, 8, 1408, 32, '2025-06-13 09:21:07'),
(1435, 1, NULL, 8, 3, 9, 1409, 32, '2025-06-13 09:21:07'),
(1436, 1, NULL, 60, 4, 10, 1410, 32, '2025-06-13 09:21:07'),
(1437, 1, NULL, 10, 3, 1, 1411, 32, '2025-06-13 09:21:07'),
(1438, 1, NULL, 12, 3, 2, 1412, 32, '2025-06-13 09:21:07'),
(1439, 1, NULL, 1, 3, 3, 1413, 32, '2025-06-13 09:21:07'),
(1440, 1, 24, NULL, 4, 4, 1414, 32, '2025-06-13 09:21:07'),
(1441, 1, NULL, 1, 3, 5, 1415, 32, '2025-06-13 09:21:07'),
(1442, 1, NULL, 11, 3, 6, 1416, 32, '2025-06-13 09:21:07'),
(1443, 1, 1, NULL, 4, 7, 1417, 32, '2025-06-13 09:21:07'),
(1444, 1, NULL, 8, 3, 8, 1418, 32, '2025-06-13 09:21:07'),
(1445, 1, NULL, 13, 3, 9, 1419, 32, '2025-06-13 09:21:07'),
(1446, 1, NULL, 5, 3, 10, 1420, 32, '2025-06-13 09:21:07'),
(1447, 1, NULL, 17, 3, 1, 1421, 32, '2025-06-13 09:21:08'),
(1448, 1, NULL, 4, 3, 2, 1422, 32, '2025-06-13 09:21:08'),
(1449, 1, NULL, 5, 3, 3, 1423, 32, '2025-06-13 09:21:08'),
(1450, 1, NULL, 18, 3, 4, 1424, 32, '2025-06-13 09:21:08'),
(1451, 1, NULL, 8, 3, 5, 1425, 32, '2025-06-13 09:21:08'),
(1452, 1, NULL, 7, 3, 6, 1426, 32, '2025-06-13 09:21:08'),
(1453, 1, NULL, 7, 3, 7, 1427, 32, '2025-06-13 09:21:08'),
(1454, 1, NULL, 3, 3, 8, 1428, 32, '2025-06-13 09:21:08'),
(1455, 1, NULL, 20, 3, 9, 1429, 32, '2025-06-13 09:21:08'),
(1456, 1, 10, NULL, 4, 10, 1430, 32, '2025-06-13 09:21:08'),
(1457, 1, NULL, 14, 3, 1, 1431, 32, '2025-06-13 09:21:08'),
(1458, 1, NULL, 3, 3, 2, 1432, 32, '2025-06-13 09:21:08'),
(1459, 1, NULL, 21, 3, 3, 1433, 32, '2025-06-13 09:21:08'),
(1460, 1, NULL, 5, 3, 4, 1434, 32, '2025-06-13 09:21:08'),
(1461, 1, NULL, 2, 3, 5, 1435, 32, '2025-06-13 09:21:08'),
(1462, 1, NULL, 5, 3, 6, 1436, 32, '2025-06-13 09:21:08'),
(1463, 1, NULL, 14, 3, 7, 1437, 32, '2025-06-13 09:21:08'),
(1464, 1, NULL, 21, 3, 8, 1438, 32, '2025-06-13 09:21:09'),
(1465, 1, 35, NULL, 5, 9, 1439, 32, '2025-06-13 09:21:09'),
(1466, 1, NULL, 52, 4, 10, 1440, 32, '2025-06-13 09:21:09'),
(1467, 1, NULL, 2, 3, 1, 1441, 32, '2025-06-13 09:21:10'),
(1468, 1, NULL, 18, 3, 2, 1442, 32, '2025-06-13 09:21:10'),
(1469, 1, NULL, 8, 3, 3, 1443, 32, '2025-06-13 09:21:10'),
(1470, 1, NULL, 8, 3, 4, 1444, 32, '2025-06-13 09:21:10'),
(1471, 1, NULL, 3, 3, 5, 1445, 32, '2025-06-13 09:21:10'),
(1472, 1, NULL, 17, 3, 6, 1446, 32, '2025-06-13 09:21:10'),
(1473, 1, NULL, 17, 3, 7, 1447, 32, '2025-06-13 09:21:10'),
(1474, 1, NULL, 1, 3, 8, 1448, 32, '2025-06-13 09:21:10'),
(1475, 1, NULL, 5, 3, 9, 1449, 32, '2025-06-13 09:21:10'),
(1476, 1, NULL, 54, 4, 10, 1450, 32, '2025-06-13 09:21:10'),
(1477, 1, NULL, 1, 3, 1, 1451, 32, '2025-06-13 09:21:11'),
(1478, 1, NULL, 6, 3, 2, 1452, 32, '2025-06-13 09:21:11'),
(1479, 1, NULL, 21, 3, 3, 1453, 32, '2025-06-13 09:21:11'),
(1480, 1, NULL, 13, 3, 4, 1454, 32, '2025-06-13 09:21:11'),
(1481, 1, NULL, 5, 3, 5, 1455, 32, '2025-06-13 09:21:11'),
(1482, 1, NULL, 12, 3, 6, 1456, 32, '2025-06-13 09:21:11'),
(1483, 1, NULL, 11, 3, 7, 1457, 32, '2025-06-13 09:21:11'),
(1484, 1, NULL, 11, 3, 8, 1458, 32, '2025-06-13 09:21:11'),
(1485, 1, NULL, 19, 3, 9, 1459, 32, '2025-06-13 09:21:11'),
(1486, 1, 24, NULL, 4, 10, 1460, 32, '2025-06-13 09:21:11'),
(1487, 1, NULL, 10, 3, 1, 1461, 32, '2025-06-13 09:21:12'),
(1488, 1, NULL, 12, 3, 2, 1462, 32, '2025-06-13 09:21:12'),
(1489, 1, NULL, 10, 3, 3, 1463, 32, '2025-06-13 09:21:12'),
(1490, 1, NULL, 6, 3, 4, 1464, 32, '2025-06-13 09:21:12'),
(1491, 1, NULL, 15, 3, 5, 1465, 32, '2025-06-13 09:21:12'),
(1492, 1, NULL, 6, 3, 6, 1466, 32, '2025-06-13 09:21:12'),
(1493, 1, NULL, 18, 3, 7, 1467, 32, '2025-06-13 09:21:12'),
(1494, 1, NULL, 18, 3, 8, 1468, 32, '2025-06-13 09:21:12'),
(1495, 1, NULL, 9, 3, 9, 1469, 32, '2025-06-13 09:21:12'),
(1496, 1, 2, NULL, 4, 10, 1470, 32, '2025-06-13 09:21:12'),
(1497, 1, NULL, 6, 3, 1, 1471, 32, '2025-06-13 09:21:12'),
(1498, 1, NULL, 11, 3, 2, 1472, 32, '2025-06-13 09:21:12'),
(1499, 1, NULL, 10, 3, 3, 1473, 32, '2025-06-13 09:21:12'),
(1500, 1, NULL, 8, 3, 4, 1474, 32, '2025-06-13 09:21:12'),
(1501, 1, NULL, 21, 3, 5, 1475, 32, '2025-06-13 09:21:12'),
(1502, 1, 1, NULL, 4, 6, 1476, 32, '2025-06-13 09:21:12'),
(1503, 1, NULL, 12, 3, 7, 1477, 32, '2025-06-13 09:21:12'),
(1504, 1, 7, NULL, 4, 8, 1478, 32, '2025-06-13 09:21:12'),
(1505, 1, NULL, 4, 3, 9, 1479, 32, '2025-06-13 09:21:12'),
(1506, 1, NULL, 16, 3, 10, 1480, 32, '2025-06-13 09:21:12'),
(1507, 1, NULL, 7, 3, 1, 1481, 32, '2025-06-13 09:21:13'),
(1508, 1, NULL, 13, 3, 2, 1482, 32, '2025-06-13 09:21:13'),
(1509, 1, NULL, 16, 3, 3, 1483, 32, '2025-06-13 09:21:13'),
(1510, 1, NULL, 15, 3, 4, 1484, 32, '2025-06-13 09:21:13'),
(1511, 1, NULL, 5, 3, 5, 1485, 32, '2025-06-13 09:21:13'),
(1512, 1, NULL, 8, 3, 6, 1486, 32, '2025-06-13 09:21:13'),
(1513, 1, NULL, 19, 3, 7, 1487, 32, '2025-06-13 09:21:13'),
(1514, 1, NULL, 10, 3, 8, 1488, 32, '2025-06-13 09:21:13'),
(1515, 1, NULL, 10, 3, 9, 1489, 32, '2025-06-13 09:21:13'),
(1516, 1, 1, NULL, 4, 10, 1490, 32, '2025-06-13 09:21:13'),
(1517, 1, NULL, 12, 3, 1, 1491, 32, '2025-06-13 09:21:14'),
(1518, 1, NULL, 10, 3, 2, 1492, 32, '2025-06-13 09:21:14'),
(1519, 1, NULL, 17, 3, 3, 1493, 32, '2025-06-13 09:21:14'),
(1520, 1, NULL, 7, 3, 4, 1494, 32, '2025-06-13 09:21:14'),
(1521, 1, NULL, 9, 3, 5, 1495, 32, '2025-06-13 09:21:14'),
(1522, 1, NULL, 19, 3, 6, 1496, 32, '2025-06-13 09:21:14'),
(1523, 1, NULL, 8, 3, 7, 1497, 32, '2025-06-13 09:21:14'),
(1524, 1, NULL, 8, 3, 8, 1498, 32, '2025-06-13 09:21:14'),
(1525, 1, NULL, 7, 3, 9, 1499, 32, '2025-06-13 09:21:14'),
(1526, 1, NULL, 58, 4, 10, 1500, 32, '2025-06-13 09:21:14'),
(1527, 1, NULL, 11, 3, 1, 1501, 32, '2025-06-13 09:21:14'),
(1528, 1, NULL, 6, 3, 2, 1502, 32, '2025-06-13 09:21:14'),
(1529, 1, NULL, 11, 3, 3, 1503, 32, '2025-06-13 09:21:14'),
(1530, 1, NULL, 6, 3, 4, 1504, 32, '2025-06-13 09:21:14'),
(1531, 1, NULL, 17, 3, 5, 1505, 32, '2025-06-13 09:21:14'),
(1532, 1, NULL, 15, 3, 6, 1506, 32, '2025-06-13 09:21:14'),
(1533, 1, NULL, 15, 3, 7, 1507, 32, '2025-06-13 09:21:14'),
(1534, 1, NULL, 5, 3, 8, 1508, 32, '2025-06-13 09:21:14'),
(1535, 1, NULL, 19, 3, 9, 1509, 32, '2025-06-13 09:21:14'),
(1536, 1, 7, NULL, 4, 10, 1510, 32, '2025-06-13 09:21:14'),
(1537, 1, NULL, 20, 3, 1, 1511, 32, '2025-06-13 09:21:15'),
(1538, 1, NULL, 13, 3, 2, 1512, 32, '2025-06-13 09:21:15'),
(1539, 1, NULL, 19, 3, 3, 1513, 32, '2025-06-13 09:21:15'),
(1540, 1, NULL, 5, 3, 4, 1514, 32, '2025-06-13 09:21:15'),
(1541, 1, 24, NULL, 4, 5, 1515, 32, '2025-06-13 09:21:15'),
(1542, 1, NULL, 60, 4, 6, 1516, 32, '2025-06-13 09:21:15'),
(1543, 1, NULL, 19, 3, 7, 1517, 32, '2025-06-13 09:21:15'),
(1544, 1, NULL, 18, 3, 8, 1518, 32, '2025-06-13 09:21:15'),
(1545, 1, 4, NULL, 5, 9, 1519, 32, '2025-06-13 09:21:15'),
(1546, 1, NULL, 13, 3, 10, 1520, 32, '2025-06-13 09:21:15'),
(1547, 1, NULL, 5, 3, 1, 1521, 31, '2025-06-13 09:23:31'),
(1548, 1, NULL, 6, 3, 2, 1522, 31, '2025-06-13 09:23:31'),
(1549, 1, NULL, 9, 3, 3, 1523, 31, '2025-06-13 09:23:31'),
(1550, 1, NULL, 18, 3, 4, 1524, 31, '2025-06-13 09:23:31'),
(1551, 1, NULL, 10, 3, 5, 1525, 31, '2025-06-13 09:23:31'),
(1552, 1, NULL, 4, 3, 6, 1526, 31, '2025-06-13 09:23:31'),
(1553, 1, NULL, 5, 3, 7, 1527, 31, '2025-06-13 09:23:31'),
(1554, 1, NULL, 16, 3, 8, 1528, 31, '2025-06-13 09:23:31'),
(1555, 1, NULL, 11, 3, 9, 1529, 31, '2025-06-13 09:23:31'),
(1556, 1, NULL, 50, 4, 10, 1530, 31, '2025-06-13 09:23:31'),
(1557, 1, NULL, 3, 3, 1, 1531, 31, '2025-06-13 09:23:31'),
(1558, 1, NULL, 9, 3, 2, 1532, 31, '2025-06-13 09:23:31'),
(1559, 1, NULL, 8, 3, 3, 1533, 31, '2025-06-13 09:23:31'),
(1560, 1, NULL, 13, 3, 4, 1534, 31, '2025-06-13 09:23:31'),
(1561, 1, NULL, 1, 3, 5, 1535, 31, '2025-06-13 09:23:31'),
(1562, 1, NULL, 3, 3, 6, 1536, 31, '2025-06-13 09:23:31'),
(1563, 1, NULL, 2, 3, 7, 1537, 31, '2025-06-13 09:23:31'),
(1564, 1, NULL, 1, 3, 8, 1538, 31, '2025-06-13 09:23:31'),
(1565, 1, NULL, 15, 3, 9, 1539, 31, '2025-06-13 09:23:31'),
(1566, 1, NULL, 42, 4, 10, 1540, 31, '2025-06-13 09:23:31'),
(1567, 1, NULL, 5, 3, 1, 1541, 31, '2025-06-13 09:23:31'),
(1568, 1, NULL, 25, 4, 2, 1542, 31, '2025-06-13 09:23:31'),
(1569, 1, NULL, 6, 3, 3, 1543, 31, '2025-06-13 09:23:31'),
(1570, 1, NULL, 10, 3, 4, 1544, 31, '2025-06-13 09:23:31'),
(1571, 1, NULL, 1, 3, 5, 1545, 31, '2025-06-13 09:23:31'),
(1572, 1, NULL, 15, 3, 6, 1546, 31, '2025-06-13 09:23:31'),
(1573, 1, NULL, 3, 3, 7, 1547, 31, '2025-06-13 09:23:31'),
(1574, 1, NULL, 8, 3, 8, 1548, 31, '2025-06-13 09:23:31'),
(1575, 1, NULL, 11, 3, 9, 1549, 31, '2025-06-13 09:23:31'),
(1576, 1, NULL, 3, 3, 10, 1550, 31, '2025-06-13 09:23:31'),
(1577, 1, NULL, 20, 3, 1, 1551, 31, '2025-06-13 09:23:32'),
(1578, 1, NULL, 1, 3, 2, 1552, 31, '2025-06-13 09:23:32'),
(1579, 1, NULL, 9, 3, 3, 1553, 31, '2025-06-13 09:23:32'),
(1580, 1, NULL, 16, 3, 4, 1554, 31, '2025-06-13 09:23:32'),
(1581, 1, NULL, 14, 3, 5, 1555, 31, '2025-06-13 09:23:32'),
(1582, 1, NULL, 16, 3, 6, 1556, 31, '2025-06-13 09:23:32'),
(1583, 1, NULL, 12, 3, 7, 1557, 31, '2025-06-13 09:23:32'),
(1584, 1, NULL, 6, 3, 8, 1558, 31, '2025-06-13 09:23:32'),
(1585, 1, NULL, 44, 4, 9, 1559, 31, '2025-06-13 09:23:32'),
(1586, 1, NULL, 14, 3, 10, 1560, 31, '2025-06-13 09:23:32'),
(1587, 1, NULL, 4, 3, 1, 1561, 31, '2025-06-13 09:23:32'),
(1588, 1, NULL, 16, 3, 2, 1562, 31, '2025-06-13 09:23:32'),
(1589, 1, NULL, 2, 3, 3, 1563, 31, '2025-06-13 09:23:32'),
(1590, 1, NULL, 16, 3, 4, 1564, 31, '2025-06-13 09:23:32'),
(1591, 1, NULL, 16, 3, 5, 1565, 31, '2025-06-13 09:23:32'),
(1592, 1, NULL, 3, 3, 6, 1566, 31, '2025-06-13 09:23:32'),
(1593, 1, NULL, 2, 3, 7, 1567, 31, '2025-06-13 09:23:32'),
(1594, 1, NULL, 13, 3, 8, 1568, 31, '2025-06-13 09:23:32'),
(1595, 1, NULL, NULL, 4, 9, 1569, 31, '2025-06-13 09:23:32'),
(1596, 1, NULL, 15, 3, 10, 1570, 31, '2025-06-13 09:23:32'),
(1597, 1, NULL, 5, 3, 1, 1571, 31, '2025-06-13 09:23:32'),
(1598, 1, NULL, 2, 3, 2, 1572, 31, '2025-06-13 09:23:32'),
(1599, 1, NULL, 18, 3, 3, 1573, 31, '2025-06-13 09:23:32'),
(1600, 1, NULL, 20, 3, 4, 1574, 31, '2025-06-13 09:23:32'),
(1601, 1, NULL, 12, 3, 5, 1575, 31, '2025-06-13 09:23:32'),
(1602, 1, NULL, 6, 3, 6, 1576, 31, '2025-06-13 09:23:32'),
(1603, 1, NULL, 8, 3, 7, 1577, 31, '2025-06-13 09:23:32'),
(1604, 1, NULL, 13, 3, 8, 1578, 31, '2025-06-13 09:23:32'),
(1605, 1, NULL, 8, 3, 9, 1579, 31, '2025-06-13 09:23:32'),
(1606, 1, NULL, NULL, 4, 10, 1580, 31, '2025-06-13 09:23:32'),
(1607, 1, NULL, 14, 3, 1, 1581, 31, '2025-06-13 09:23:32'),
(1608, 1, NULL, 2, 3, 2, 1582, 31, '2025-06-13 09:23:32'),
(1609, 1, NULL, 16, 3, 3, 1583, 31, '2025-06-13 09:23:32'),
(1610, 1, NULL, 17, 3, 4, 1584, 31, '2025-06-13 09:23:32'),
(1611, 1, NULL, 7, 3, 5, 1585, 31, '2025-06-13 09:23:32'),
(1612, 1, NULL, 11, 3, 6, 1586, 31, '2025-06-13 09:23:32'),
(1613, 1, NULL, 5, 3, 7, 1587, 31, '2025-06-13 09:23:32'),
(1614, 1, NULL, 5, 3, 8, 1588, 31, '2025-06-13 09:23:32'),
(1615, 1, NULL, 8, 3, 9, 1589, 31, '2025-06-13 09:23:32'),
(1616, 1, NULL, NULL, 4, 10, 1590, 31, '2025-06-13 09:23:32'),
(1617, 1, NULL, 5, 3, 1, 1591, 31, '2025-06-13 09:23:32'),
(1618, 1, NULL, 6, 3, 2, 1592, 31, '2025-06-13 09:23:32'),
(1619, 1, NULL, 21, 3, 3, 1593, 31, '2025-06-13 09:23:32'),
(1620, 1, NULL, 10, 3, 4, 1594, 31, '2025-06-13 09:23:32'),
(1621, 1, NULL, 19, 3, 5, 1595, 31, '2025-06-13 09:23:32'),
(1622, 1, NULL, 7, 3, 6, 1596, 31, '2025-06-13 09:23:32'),
(1623, 1, NULL, 14, 3, 7, 1597, 31, '2025-06-13 09:23:32'),
(1624, 1, NULL, 20, 3, 8, 1598, 31, '2025-06-13 09:23:32'),
(1625, 1, NULL, 61, 5, 9, 1599, 31, '2025-06-13 09:23:32'),
(1626, 1, NULL, NULL, 4, 10, 1600, 31, '2025-06-13 09:23:32'),
(1627, 1, NULL, 10, 3, 1, 1601, 31, '2025-06-13 09:23:34'),
(1628, 1, NULL, 16, 3, 2, 1602, 31, '2025-06-13 09:23:34'),
(1629, 1, NULL, 16, 3, 3, 1603, 31, '2025-06-13 09:23:34'),
(1630, 1, NULL, 5, 3, 4, 1604, 31, '2025-06-13 09:23:34'),
(1631, 1, NULL, 6, 3, 5, 1605, 31, '2025-06-13 09:23:34'),
(1632, 1, NULL, 18, 3, 6, 1606, 31, '2025-06-13 09:23:34'),
(1633, 1, NULL, 15, 3, 7, 1607, 31, '2025-06-13 09:23:34'),
(1634, 1, NULL, 20, 3, 8, 1608, 31, '2025-06-13 09:23:34'),
(1635, 1, NULL, 25, 4, 9, 1609, 31, '2025-06-13 09:23:34'),
(1636, 1, NULL, 4, 3, 10, 1610, 31, '2025-06-13 09:23:34'),
(1637, 1, NULL, 1, 3, 1, 1611, 31, '2025-06-13 09:23:34'),
(1638, 1, NULL, 21, 3, 2, 1612, 31, '2025-06-13 09:23:34'),
(1639, 1, NULL, 19, 3, 3, 1613, 31, '2025-06-13 09:23:34'),
(1640, 1, NULL, 7, 3, 4, 1614, 31, '2025-06-13 09:23:34'),
(1641, 1, NULL, 16, 3, 5, 1615, 31, '2025-06-13 09:23:34'),
(1642, 1, NULL, 10, 3, 6, 1616, 31, '2025-06-13 09:23:34'),
(1643, 1, NULL, 5, 3, 7, 1617, 31, '2025-06-13 09:23:34'),
(1644, 1, NULL, 21, 3, 8, 1618, 31, '2025-06-13 09:23:34'),
(1645, 1, NULL, 4, 3, 9, 1619, 31, '2025-06-13 09:23:34'),
(1646, 1, NULL, NULL, 4, 10, 1620, 31, '2025-06-13 09:23:34'),
(1647, 1, NULL, 15, 3, 1, 1621, 31, '2025-06-13 09:23:34'),
(1648, 1, NULL, 18, 3, 2, 1622, 31, '2025-06-13 09:23:34'),
(1649, 1, NULL, 4, 3, 3, 1623, 31, '2025-06-13 09:23:34'),
(1650, 1, NULL, 8, 3, 4, 1624, 31, '2025-06-13 09:23:34'),
(1651, 1, NULL, 21, 3, 5, 1625, 31, '2025-06-13 09:23:34'),
(1652, 1, NULL, 17, 3, 6, 1626, 31, '2025-06-13 09:23:34'),
(1653, 1, NULL, 11, 3, 7, 1627, 31, '2025-06-13 09:23:34'),
(1654, 1, NULL, 11, 3, 8, 1628, 31, '2025-06-13 09:23:34'),
(1655, 1, NULL, 4, 3, 9, 1629, 31, '2025-06-13 09:23:34'),
(1656, 1, NULL, 28, 4, 10, 1630, 31, '2025-06-13 09:23:34'),
(1657, 1, NULL, 2, 3, 1, 1631, 31, '2025-06-13 09:23:34'),
(1658, 1, NULL, 6, 3, 2, 1632, 31, '2025-06-13 09:23:34'),
(1659, 1, NULL, 8, 3, 3, 1633, 31, '2025-06-13 09:23:34'),
(1660, 1, NULL, 21, 3, 4, 1634, 31, '2025-06-13 09:23:34'),
(1661, 1, NULL, 53, 4, 5, 1635, 31, '2025-06-13 09:23:34'),
(1662, 1, NULL, 17, 3, 6, 1636, 31, '2025-06-13 09:23:34'),
(1663, 1, NULL, 21, 3, 7, 1637, 31, '2025-06-13 09:23:34'),
(1664, 1, NULL, 5, 3, 8, 1638, 31, '2025-06-13 09:23:34'),
(1665, 1, NULL, 7, 3, 9, 1639, 31, '2025-06-13 09:23:34'),
(1666, 1, NULL, 3, 3, 10, 1640, 31, '2025-06-13 09:23:34'),
(1667, 1, NULL, 7, 3, 1, 1641, 31, '2025-06-13 09:23:35'),
(1668, 1, NULL, 6, 3, 2, 1642, 31, '2025-06-13 09:23:35'),
(1669, 1, NULL, 1, 3, 3, 1643, 31, '2025-06-13 09:23:35'),
(1670, 1, NULL, 2, 3, 4, 1644, 31, '2025-06-13 09:23:35'),
(1671, 1, NULL, NULL, 4, 5, 1645, 31, '2025-06-13 09:23:35'),
(1672, 1, NULL, 20, 3, 6, 1646, 31, '2025-06-13 09:23:35'),
(1673, 1, NULL, 7, 3, 7, 1647, 31, '2025-06-13 09:23:35'),
(1674, 1, NULL, 16, 3, 8, 1648, 31, '2025-06-13 09:23:35'),
(1675, 1, NULL, 4, 3, 9, 1649, 31, '2025-06-13 09:23:35'),
(1676, 1, NULL, 13, 3, 10, 1650, 31, '2025-06-13 09:23:35'),
(1677, 1, NULL, 20, 3, 1, 1651, 31, '2025-06-13 09:23:35'),
(1678, 1, NULL, 12, 3, 2, 1652, 31, '2025-06-13 09:23:35'),
(1679, 1, NULL, 21, 3, 3, 1653, 31, '2025-06-13 09:23:35'),
(1680, 1, NULL, 45, 4, 4, 1654, 31, '2025-06-13 09:23:35'),
(1681, 1, NULL, 12, 3, 5, 1655, 31, '2025-06-13 09:23:35'),
(1682, 1, NULL, 12, 3, 6, 1656, 31, '2025-06-13 09:23:35'),
(1683, 1, NULL, 2, 3, 7, 1657, 31, '2025-06-13 09:23:35'),
(1684, 1, NULL, 16, 3, 8, 1658, 31, '2025-06-13 09:23:35'),
(1685, 1, NULL, 8, 3, 9, 1659, 31, '2025-06-13 09:23:35'),
(1686, 1, NULL, 12, 3, 10, 1660, 31, '2025-06-13 09:23:35'),
(1687, 1, NULL, 13, 3, 1, 1661, 31, '2025-06-13 09:23:35'),
(1688, 1, NULL, 21, 3, 2, 1662, 31, '2025-06-13 09:23:35'),
(1689, 1, NULL, 16, 3, 3, 1663, 31, '2025-06-13 09:23:35'),
(1690, 1, NULL, 9, 3, 4, 1664, 31, '2025-06-13 09:23:35'),
(1691, 1, NULL, 1, 3, 5, 1665, 31, '2025-06-13 09:23:35'),
(1692, 1, NULL, 9, 3, 6, 1666, 31, '2025-06-13 09:23:35'),
(1693, 1, NULL, 16, 3, 7, 1667, 31, '2025-06-13 09:23:35'),
(1694, 1, NULL, 16, 3, 8, 1668, 31, '2025-06-13 09:23:35'),
(1695, 1, NULL, 7, 3, 9, 1669, 31, '2025-06-13 09:23:35'),
(1696, 1, NULL, NULL, 4, 10, 1670, 31, '2025-06-13 09:23:35'),
(1697, 1, NULL, 8, 3, 1, 1671, 31, '2025-06-13 09:23:36'),
(1698, 1, NULL, 14, 3, 2, 1672, 31, '2025-06-13 09:23:36'),
(1699, 1, NULL, 11, 3, 3, 1673, 31, '2025-06-13 09:23:36'),
(1700, 1, NULL, 6, 3, 4, 1674, 31, '2025-06-13 09:23:36'),
(1701, 1, NULL, 16, 3, 5, 1675, 31, '2025-06-13 09:23:36'),
(1702, 1, NULL, 21, 3, 6, 1676, 31, '2025-06-13 09:23:36'),
(1703, 1, NULL, 10, 3, 7, 1677, 31, '2025-06-13 09:23:36'),
(1704, 1, 14, NULL, 5, 8, 1678, 31, '2025-06-13 09:23:36'),
(1705, 1, NULL, 16, 3, 9, 1679, 31, '2025-06-13 09:23:36'),
(1706, 1, 10, NULL, 4, 10, 1680, 31, '2025-06-13 09:23:36'),
(1707, 1, NULL, 3, 3, 1, 1681, 31, '2025-06-13 09:23:36'),
(1708, 1, NULL, 15, 3, 2, 1682, 31, '2025-06-13 09:23:36'),
(1709, 1, NULL, 7, 3, 3, 1683, 31, '2025-06-13 09:23:36'),
(1710, 1, NULL, 4, 3, 4, 1684, 31, '2025-06-13 09:23:36'),
(1711, 1, NULL, 12, 3, 5, 1685, 31, '2025-06-13 09:23:36'),
(1712, 1, NULL, 6, 3, 6, 1686, 31, '2025-06-13 09:23:36'),
(1713, 1, NULL, 1, 3, 7, 1687, 31, '2025-06-13 09:23:36'),
(1714, 1, NULL, 17, 3, 8, 1688, 31, '2025-06-13 09:23:36'),
(1715, 1, NULL, 4, 3, 9, 1689, 31, '2025-06-13 09:23:36'),
(1716, 1, NULL, NULL, 4, 10, 1690, 31, '2025-06-13 09:23:36'),
(1717, 1, NULL, 10, 3, 1, 1691, 31, '2025-06-13 09:23:55'),
(1718, 1, NULL, 5, 3, 2, 1692, 31, '2025-06-13 09:23:55'),
(1719, 1, NULL, 4, 3, 3, 1693, 31, '2025-06-13 09:23:55'),
(1720, 1, NULL, 11, 3, 4, 1694, 31, '2025-06-13 09:23:55'),
(1721, 1, NULL, 7, 3, 5, 1695, 31, '2025-06-13 09:23:55'),
(1722, 1, NULL, 18, 3, 6, 1696, 31, '2025-06-13 09:23:55'),
(1723, 1, NULL, 18, 3, 7, 1697, 31, '2025-06-13 09:23:55'),
(1724, 1, NULL, 16, 3, 8, 1698, 31, '2025-06-13 09:23:55'),
(1725, 1, NULL, 20, 3, 9, 1699, 31, '2025-06-13 09:23:55'),
(1726, 1, NULL, 53, 4, 10, 1700, 31, '2025-06-13 09:23:55'),
(1727, 1, NULL, 8, 3, 1, 1701, 31, '2025-06-13 09:23:56'),
(1728, 1, NULL, 20, 3, 2, 1702, 31, '2025-06-13 09:23:56'),
(1729, 1, NULL, 21, 3, 3, 1703, 31, '2025-06-13 09:23:56'),
(1730, 1, NULL, 4, 3, 4, 1704, 31, '2025-06-13 09:23:56'),
(1731, 1, NULL, 5, 3, 5, 1705, 31, '2025-06-13 09:23:56'),
(1732, 1, NULL, 11, 3, 6, 1706, 31, '2025-06-13 09:23:56'),
(1733, 1, NULL, 4, 3, 7, 1707, 31, '2025-06-13 09:23:56'),
(1734, 1, NULL, 16, 3, 8, 1708, 31, '2025-06-13 09:23:56'),
(1735, 1, NULL, 11, 3, 9, 1709, 31, '2025-06-13 09:23:56');
INSERT INTO `pull_history` (`id`, `user_id`, `character_id`, `weapon_id`, `rarity`, `pull_number`, `total_pulls`, `portal_id`, `created_at`) VALUES
(1736, 1, 28, NULL, 4, 10, 1710, 31, '2025-06-13 09:23:56'),
(1737, 1, NULL, 21, 3, 1, 1711, 31, '2025-06-13 09:23:57'),
(1738, 1, NULL, 15, 3, 2, 1712, 31, '2025-06-13 09:23:57'),
(1739, 1, NULL, 7, 3, 3, 1713, 31, '2025-06-13 09:23:57'),
(1740, 1, NULL, 5, 3, 4, 1714, 31, '2025-06-13 09:23:57'),
(1741, 1, NULL, 13, 3, 5, 1715, 31, '2025-06-13 09:23:57'),
(1742, 1, NULL, 11, 3, 6, 1716, 31, '2025-06-13 09:23:57'),
(1743, 1, NULL, 10, 3, 7, 1717, 31, '2025-06-13 09:23:57'),
(1744, 1, NULL, 19, 3, 8, 1718, 31, '2025-06-13 09:23:57'),
(1745, 1, NULL, 16, 3, 9, 1719, 31, '2025-06-13 09:23:57'),
(1746, 1, NULL, NULL, 4, 10, 1720, 31, '2025-06-13 09:23:57'),
(1747, 1, NULL, 21, 3, 1, 1721, 32, '2025-06-13 09:24:02'),
(1748, 1, NULL, 4, 3, 2, 1722, 32, '2025-06-13 09:24:02'),
(1749, 1, NULL, 8, 3, 3, 1723, 32, '2025-06-13 09:24:02'),
(1750, 1, NULL, 13, 3, 4, 1724, 32, '2025-06-13 09:24:02'),
(1751, 1, NULL, 16, 3, 5, 1725, 32, '2025-06-13 09:24:02'),
(1752, 1, NULL, 19, 3, 6, 1726, 32, '2025-06-13 09:24:02'),
(1753, 1, NULL, 14, 3, 7, 1727, 32, '2025-06-13 09:24:02'),
(1754, 1, NULL, 15, 3, 8, 1728, 32, '2025-06-13 09:24:02'),
(1755, 1, NULL, 7, 3, 9, 1729, 32, '2025-06-13 09:24:02'),
(1756, 1, NULL, 53, 4, 10, 1730, 32, '2025-06-13 09:24:02'),
(1757, 1, NULL, 20, 3, 1, 1731, 32, '2025-06-13 09:24:03'),
(1758, 1, NULL, 19, 3, 2, 1732, 32, '2025-06-13 09:24:03'),
(1759, 1, NULL, 21, 3, 3, 1733, 32, '2025-06-13 09:24:03'),
(1760, 1, NULL, 9, 3, 4, 1734, 32, '2025-06-13 09:24:03'),
(1761, 1, NULL, 8, 3, 5, 1735, 32, '2025-06-13 09:24:03'),
(1762, 1, 28, NULL, 4, 6, 1736, 32, '2025-06-13 09:24:03'),
(1763, 1, NULL, 15, 3, 7, 1737, 32, '2025-06-13 09:24:03'),
(1764, 1, NULL, 6, 3, 8, 1738, 32, '2025-06-13 09:24:03'),
(1765, 1, NULL, 21, 3, 9, 1739, 32, '2025-06-13 09:24:03'),
(1766, 1, NULL, 49, 4, 10, 1740, 32, '2025-06-13 09:24:03'),
(1767, 1, NULL, 1, 3, 1, 1741, 32, '2025-06-13 09:24:03'),
(1768, 1, NULL, 8, 3, 2, 1742, 32, '2025-06-13 09:24:03'),
(1769, 1, NULL, 9, 3, 3, 1743, 32, '2025-06-13 09:24:03'),
(1770, 1, NULL, 1, 3, 4, 1744, 32, '2025-06-13 09:24:03'),
(1771, 1, NULL, 8, 3, 5, 1745, 32, '2025-06-13 09:24:03'),
(1772, 1, NULL, 5, 3, 6, 1746, 32, '2025-06-13 09:24:03'),
(1773, 1, NULL, 5, 3, 7, 1747, 32, '2025-06-13 09:24:03'),
(1774, 1, NULL, 9, 3, 8, 1748, 32, '2025-06-13 09:24:03'),
(1775, 1, NULL, 13, 3, 9, 1749, 32, '2025-06-13 09:24:03'),
(1776, 1, NULL, 34, 4, 10, 1750, 32, '2025-06-13 09:24:03'),
(1777, 1, NULL, 21, 3, 1, 1751, 32, '2025-06-13 09:24:04'),
(1778, 1, NULL, 20, 3, 2, 1752, 32, '2025-06-13 09:24:04'),
(1779, 1, NULL, 13, 3, 3, 1753, 32, '2025-06-13 09:24:04'),
(1780, 1, NULL, 18, 3, 4, 1754, 32, '2025-06-13 09:24:04'),
(1781, 1, NULL, 2, 3, 5, 1755, 32, '2025-06-13 09:24:04'),
(1782, 1, 1, NULL, 4, 6, 1756, 32, '2025-06-13 09:24:04'),
(1783, 1, NULL, 7, 3, 7, 1757, 32, '2025-06-13 09:24:04'),
(1784, 1, 14, NULL, 5, 8, 1758, 32, '2025-06-13 09:24:04'),
(1785, 1, NULL, 15, 3, 9, 1759, 32, '2025-06-13 09:24:04'),
(1786, 1, NULL, 17, 3, 10, 1760, 32, '2025-06-13 09:24:04'),
(1787, 1, NULL, 10, 3, 1, 1761, 32, '2025-06-13 09:24:04'),
(1788, 1, NULL, 19, 3, 2, 1762, 32, '2025-06-13 09:24:04'),
(1789, 1, NULL, 16, 3, 3, 1763, 32, '2025-06-13 09:24:04'),
(1790, 1, NULL, 15, 3, 4, 1764, 32, '2025-06-13 09:24:04'),
(1791, 1, NULL, 12, 3, 5, 1765, 32, '2025-06-13 09:24:04'),
(1792, 1, NULL, 20, 3, 6, 1766, 32, '2025-06-13 09:24:04'),
(1793, 1, NULL, 7, 3, 7, 1767, 32, '2025-06-13 09:24:04'),
(1794, 1, NULL, 19, 3, 8, 1768, 32, '2025-06-13 09:24:04'),
(1795, 1, NULL, 14, 3, 9, 1769, 32, '2025-06-13 09:24:04'),
(1796, 1, NULL, 32, 4, 10, 1770, 32, '2025-06-13 09:24:04'),
(1797, 1, NULL, 7, 3, 1, 1771, 32, '2025-06-13 09:24:04'),
(1798, 1, NULL, 6, 3, 2, 1772, 32, '2025-06-13 09:24:04'),
(1799, 1, NULL, 5, 3, 3, 1773, 32, '2025-06-13 09:24:04'),
(1800, 1, NULL, 13, 3, 4, 1774, 32, '2025-06-13 09:24:04'),
(1801, 1, 9, NULL, 4, 5, 1775, 32, '2025-06-13 09:24:04'),
(1802, 1, NULL, 4, 3, 6, 1776, 32, '2025-06-13 09:24:04'),
(1803, 1, NULL, 5, 3, 7, 1777, 32, '2025-06-13 09:24:04'),
(1804, 1, NULL, 17, 3, 8, 1778, 32, '2025-06-13 09:24:04'),
(1805, 1, NULL, 12, 3, 9, 1779, 32, '2025-06-13 09:24:04'),
(1806, 1, NULL, 17, 3, 10, 1780, 32, '2025-06-13 09:24:04'),
(1807, 1, NULL, 2, 3, 1, 1781, 32, '2025-06-13 09:24:04'),
(1808, 1, NULL, 16, 3, 2, 1782, 32, '2025-06-13 09:24:04'),
(1809, 1, NULL, 4, 3, 3, 1783, 32, '2025-06-13 09:24:04'),
(1810, 1, NULL, 17, 3, 4, 1784, 32, '2025-06-13 09:24:04'),
(1811, 1, NULL, 14, 3, 5, 1785, 32, '2025-06-13 09:24:04'),
(1812, 1, NULL, 9, 3, 6, 1786, 32, '2025-06-13 09:24:04'),
(1813, 1, NULL, 2, 3, 7, 1787, 32, '2025-06-13 09:24:04'),
(1814, 1, NULL, 1, 3, 8, 1788, 32, '2025-06-13 09:24:04'),
(1815, 1, NULL, 5, 3, 9, 1789, 32, '2025-06-13 09:24:04'),
(1816, 1, 1, NULL, 4, 10, 1790, 32, '2025-06-13 09:24:04'),
(1817, 1, NULL, 9, 3, 1, 1791, 32, '2025-06-13 09:24:04'),
(1818, 1, NULL, 19, 3, 2, 1792, 32, '2025-06-13 09:24:04'),
(1819, 1, NULL, 21, 3, 3, 1793, 32, '2025-06-13 09:24:04'),
(1820, 1, NULL, 3, 3, 4, 1794, 32, '2025-06-13 09:24:04'),
(1821, 1, NULL, 9, 3, 5, 1795, 32, '2025-06-13 09:24:04'),
(1822, 1, NULL, 5, 3, 6, 1796, 32, '2025-06-13 09:24:04'),
(1823, 1, NULL, 21, 3, 7, 1797, 32, '2025-06-13 09:24:04'),
(1824, 1, NULL, 10, 3, 8, 1798, 32, '2025-06-13 09:24:04'),
(1825, 1, NULL, 18, 3, 9, 1799, 32, '2025-06-13 09:24:04'),
(1826, 1, 7, NULL, 4, 10, 1800, 32, '2025-06-13 09:24:04'),
(1827, 1, NULL, 3, 3, 1, 1801, 32, '2025-06-13 09:24:05'),
(1828, 1, NULL, 13, 3, 2, 1802, 32, '2025-06-13 09:24:05'),
(1829, 1, NULL, 2, 3, 3, 1803, 32, '2025-06-13 09:24:05'),
(1830, 1, NULL, 21, 3, 4, 1804, 32, '2025-06-13 09:24:05'),
(1831, 1, 7, NULL, 4, 5, 1805, 32, '2025-06-13 09:24:05'),
(1832, 1, NULL, 4, 3, 6, 1806, 32, '2025-06-13 09:24:05'),
(1833, 1, 1, NULL, 4, 7, 1807, 32, '2025-06-13 09:24:05'),
(1834, 1, NULL, 16, 3, 8, 1808, 32, '2025-06-13 09:24:05'),
(1835, 1, NULL, 58, 4, 9, 1809, 32, '2025-06-13 09:24:05'),
(1836, 1, 9, NULL, 4, 10, 1810, 32, '2025-06-13 09:24:05'),
(1837, 1, NULL, 2, 3, 1, 1811, 32, '2025-06-13 09:24:05'),
(1838, 1, NULL, 3, 3, 2, 1812, 32, '2025-06-13 09:24:05'),
(1839, 1, NULL, 13, 3, 3, 1813, 32, '2025-06-13 09:24:05'),
(1840, 1, NULL, 4, 3, 4, 1814, 32, '2025-06-13 09:24:05'),
(1841, 1, NULL, 17, 3, 5, 1815, 32, '2025-06-13 09:24:05'),
(1842, 1, NULL, 15, 3, 6, 1816, 32, '2025-06-13 09:24:05'),
(1843, 1, NULL, 15, 3, 7, 1817, 32, '2025-06-13 09:24:05'),
(1844, 1, NULL, 7, 3, 8, 1818, 32, '2025-06-13 09:24:05'),
(1845, 1, NULL, 12, 3, 9, 1819, 32, '2025-06-13 09:24:05'),
(1846, 1, 24, NULL, 4, 10, 1820, 32, '2025-06-13 09:24:05'),
(1847, 1, NULL, 7, 3, 1, 1821, 32, '2025-06-13 09:24:05'),
(1848, 1, NULL, 21, 3, 2, 1822, 32, '2025-06-13 09:24:05'),
(1849, 1, NULL, 10, 3, 3, 1823, 32, '2025-06-13 09:24:05'),
(1850, 1, NULL, 45, 4, 4, 1824, 32, '2025-06-13 09:24:05'),
(1851, 1, NULL, 2, 3, 5, 1825, 32, '2025-06-13 09:24:05'),
(1852, 1, NULL, 15, 3, 6, 1826, 32, '2025-06-13 09:24:05'),
(1853, 1, NULL, 1, 3, 7, 1827, 32, '2025-06-13 09:24:05'),
(1854, 1, NULL, 12, 3, 8, 1828, 32, '2025-06-13 09:24:05'),
(1855, 1, NULL, 10, 3, 9, 1829, 32, '2025-06-13 09:24:05'),
(1856, 1, NULL, 16, 3, 10, 1830, 32, '2025-06-13 09:24:05'),
(1857, 1, NULL, 3, 3, 1, 1831, 32, '2025-06-13 09:24:05'),
(1858, 1, NULL, 19, 3, 2, 1832, 32, '2025-06-13 09:24:05'),
(1859, 1, NULL, 8, 3, 3, 1833, 32, '2025-06-13 09:24:05'),
(1860, 1, NULL, 14, 3, 4, 1834, 32, '2025-06-13 09:24:05'),
(1861, 1, NULL, 18, 3, 5, 1835, 32, '2025-06-13 09:24:05'),
(1862, 1, NULL, 10, 3, 6, 1836, 32, '2025-06-13 09:24:05'),
(1863, 1, NULL, 21, 3, 7, 1837, 32, '2025-06-13 09:24:05'),
(1864, 1, 35, NULL, 5, 8, 1838, 32, '2025-06-13 09:24:05'),
(1865, 1, NULL, 16, 3, 9, 1839, 32, '2025-06-13 09:24:05'),
(1866, 1, NULL, 37, 4, 10, 1840, 32, '2025-06-13 09:24:05'),
(1867, 1, NULL, 4, 3, 1, 1841, 32, '2025-06-13 09:24:05'),
(1868, 1, NULL, 17, 3, 2, 1842, 32, '2025-06-13 09:24:05'),
(1869, 1, NULL, 3, 3, 3, 1843, 32, '2025-06-13 09:24:05'),
(1870, 1, 12, NULL, 4, 4, 1844, 32, '2025-06-13 09:24:05'),
(1871, 1, NULL, 16, 3, 5, 1845, 32, '2025-06-13 09:24:05'),
(1872, 1, NULL, 21, 3, 6, 1846, 32, '2025-06-13 09:24:05'),
(1873, 1, NULL, 1, 3, 7, 1847, 32, '2025-06-13 09:24:05'),
(1874, 1, NULL, 15, 3, 8, 1848, 32, '2025-06-13 09:24:05'),
(1875, 1, NULL, 5, 3, 9, 1849, 32, '2025-06-13 09:24:05'),
(1876, 1, NULL, 16, 3, 10, 1850, 32, '2025-06-13 09:24:05'),
(1877, 1, NULL, 8, 3, 1, 1851, 32, '2025-06-13 09:24:06'),
(1878, 1, NULL, 16, 3, 2, 1852, 32, '2025-06-13 09:24:06'),
(1879, 1, NULL, 20, 3, 3, 1853, 32, '2025-06-13 09:24:06'),
(1880, 1, NULL, 17, 3, 4, 1854, 32, '2025-06-13 09:24:06'),
(1881, 1, NULL, 9, 3, 5, 1855, 32, '2025-06-13 09:24:06'),
(1882, 1, NULL, 3, 3, 6, 1856, 32, '2025-06-13 09:24:06'),
(1883, 1, NULL, 16, 3, 7, 1857, 32, '2025-06-13 09:24:06'),
(1884, 1, NULL, 21, 3, 8, 1858, 32, '2025-06-13 09:24:06'),
(1885, 1, NULL, 14, 3, 9, 1859, 32, '2025-06-13 09:24:06'),
(1886, 1, 9, NULL, 4, 10, 1860, 32, '2025-06-13 09:24:06'),
(1887, 1, NULL, 14, 3, 1, 1861, 32, '2025-06-13 09:24:06'),
(1888, 1, NULL, 3, 3, 2, 1862, 32, '2025-06-13 09:24:06'),
(1889, 1, NULL, 15, 3, 3, 1863, 32, '2025-06-13 09:24:06'),
(1890, 1, NULL, 20, 3, 4, 1864, 32, '2025-06-13 09:24:06'),
(1891, 1, NULL, 4, 3, 5, 1865, 32, '2025-06-13 09:24:06'),
(1892, 1, NULL, 9, 3, 6, 1866, 32, '2025-06-13 09:24:06'),
(1893, 1, NULL, 15, 3, 7, 1867, 32, '2025-06-13 09:24:06'),
(1894, 1, NULL, 18, 3, 8, 1868, 32, '2025-06-13 09:24:06'),
(1895, 1, NULL, 28, 4, 9, 1869, 32, '2025-06-13 09:24:06'),
(1896, 1, NULL, 3, 3, 10, 1870, 32, '2025-06-13 09:24:06'),
(1897, 1, NULL, 20, 3, 1, 1871, 32, '2025-06-13 09:24:06'),
(1898, 1, NULL, 3, 3, 2, 1872, 32, '2025-06-13 09:24:06'),
(1899, 1, 9, NULL, 4, 3, 1873, 32, '2025-06-13 09:24:06'),
(1900, 1, NULL, 7, 3, 4, 1874, 32, '2025-06-13 09:24:06'),
(1901, 1, NULL, 14, 3, 5, 1875, 32, '2025-06-13 09:24:06'),
(1902, 1, NULL, 13, 3, 6, 1876, 32, '2025-06-13 09:24:06'),
(1903, 1, NULL, 5, 3, 7, 1877, 32, '2025-06-13 09:24:06'),
(1904, 1, NULL, 17, 3, 8, 1878, 32, '2025-06-13 09:24:06'),
(1905, 1, NULL, 19, 3, 9, 1879, 32, '2025-06-13 09:24:06'),
(1906, 1, NULL, 3, 3, 10, 1880, 32, '2025-06-13 09:24:06');

-- --------------------------------------------------------

--
-- Structure de la table `users`
--

CREATE TABLE `users` (
  `id` int(11) NOT NULL,
  `username` varchar(50) NOT NULL,
  `money` int(11) DEFAULT 0,
  `pity_counter` int(11) NOT NULL DEFAULT 0,
  `total_pulls` int(11) DEFAULT 0
) ENGINE=InnoDB DEFAULT CHARSET=utf8mb4 COLLATE=utf8mb4_general_ci;

--
-- Déchargement des données de la table `users`
--

INSERT INTO `users` (`id`, `username`, `money`, `pity_counter`, `total_pulls`) VALUES
(1, 'Noodra', 2200, 42, 1880);

-- --------------------------------------------------------

--
-- Structure de la table `weapon`
--

CREATE TABLE `weapon` (
  `id` int(11) NOT NULL,
  `Nom` varchar(255) NOT NULL,
  `LienImage` varchar(255) NOT NULL,
  `rarity` int(11) NOT NULL
) ENGINE=InnoDB DEFAULT CHARSET=utf8mb4 COLLATE=utf8mb4_general_ci;

--
-- Déchargement des données de la table `weapon`
--

INSERT INTO `weapon` (`id`, `Nom`, `LienImage`, `rarity`) VALUES
(1, 'Beguiling Melody', 'https://wutheringlab.com/wp-content/uploads/Beguiling-Melody.webp', 3),
(2, 'Guardian Sword', 'https://wutheringlab.com/wp-content/uploads/Guardian-Sword.webp', 3),
(3, 'Sword of Voyager', 'https://wutheringlab.com/wp-content/uploads/Sword-of-Voyager.webp', 3),
(4, 'Originite Type II', 'https://wutheringlab.com/wp-content/uploads/Originite-Type-II.webp', 3),
(5, 'Sword of Night', 'https://wutheringlab.com/wp-content/uploads/Sword-of-Night.webp', 3),
(6, 'Rectifier of Voyager', 'https://wutheringlab.com/wp-content/uploads/Rectifier-of-Voyager.webp', 3),
(7, 'Rectifier of Night', 'https://wutheringlab.com/wp-content/uploads/Rectifier-of-Night.webp', 3),
(8, 'Originite Type V', 'https://wutheringlab.com/wp-content/uploads/Rectifier-of-Voyager.webp', 3),
(9, 'Guardian Rectifier', 'https://wutheringlab.com/wp-content/uploads/Guardian-Rectifier.webp', 3),
(10, 'Broadblade of Night', 'https://wutheringlab.com/wp-content/uploads/Broadblade-of-Night.webp', 3),
(11, 'Gauntlets of Night', 'https://wutheringlab.com/wp-content/uploads/Gauntlets-of-Night.webp', 3),
(12, 'Guardian Gauntlets', 'https://wutheringlab.com/wp-content/uploads/Guardian-Gauntlets.webp', 3),
(13, 'Originite Type III', 'https://wutheringlab.com/wp-content/uploads/Originite-Type-III.webp', 3),
(14, 'Originite Type IV', 'https://wutheringlab.com/wp-content/uploads/Originite-Type-IV.webp', 3),
(15, 'Gauntlets of Voyager', 'https://wutheringlab.com/wp-content/uploads/Gauntlets-of-Voyager.webp', 3),
(16, 'Pistols of Voyager', 'https://wutheringlab.com/wp-content/uploads/Pistols-of-Voyager.webp', 3),
(17, 'Guardian Pistols', 'https://wutheringlab.com/wp-content/uploads/Guardian-Pistols.webp', 3),
(18, 'Pistols of Night', 'https://wutheringlab.com/wp-content/uploads/Pistols-of-Night.webp', 3),
(19, 'Guardian Broadblade', 'https://wutheringlab.com/wp-content/uploads/Guardian-Broadblade.webp', 3),
(20, 'Broadblade of Voyager', 'https://wutheringlab.com/wp-content/uploads/Broadblade-of-Voyager.webp', 3),
(21, 'Originite Type I', 'https://wutheringlab.com/wp-content/uploads/Originite-Type-I.webp', 3),
(22, 'Overture', 'https://wutheringlab.com/wp-content/uploads//Overture.png', 4),
(23, 'Ocean\'s Gift', 'https://wutheringlab.com/wp-content/uploads//Oceans-Gift.png', 4),
(24, 'Waltz in Masquerade', 'https://wutheringlab.com/wp-content/uploads/Waltz-in-Masquerade.webp', 4),
(25, 'Legend of Drunken Hero', 'https://wutheringlab.com/wp-content/uploads/Legend-of-Drunken-Hero.webp', 4),
(26, 'Romance in Farewell', 'https://wutheringlab.com/wp-content/uploads/Romance-in-Farewell.webp', 4),
(27, 'Fables of Wisdom', 'https://wutheringlab.com/wp-content/uploads/Fables-of-Wisdom.webp', 4),
(28, 'Meditations on Mercy', 'https://wutheringlab.com/wp-content/uploads/Meditations-on-Mercy.webp', 4),
(29, 'Call of the Abyss', 'https://wutheringlab.com/wp-content/uploads/Call-of-the-Abyss.webp', 4),
(30, 'Somnoire Anchor', 'https://wutheringlab.com/wp-content/uploads/Somnoire-Anchor.webp', 4),
(31, 'Fusion Accretion', 'https://wutheringlab.com/wp-content/uploads/Fusion-Accretion.webp', 4),
(32, 'Celestial Spiral', 'https://wutheringlab.com/wp-content/uploads/Celestial-Spiral.webp', 4),
(33, 'Relativistic Jet', 'https://wutheringlab.com/wp-content/uploads/Relativistic-Jet.webp', 4),
(34, 'Endless Collapse', 'https://wutheringlab.com/wp-content/uploads/Endless-Collapse.webp', 4),
(35, 'Waning Redshif', 'https://wutheringlab.com/wp-content/uploads/Waning-Redshif.webp', 4),
(36, 'Scale Slasher', 'https://wutheringlab.com/wp-content/uploads/Scale-Slasher.webp', 4),
(37, 'Commando of Conviction', 'https://wutheringlab.com/wp-content/uploads/Commando-of-Conviction.webp', 4),
(38, 'Sword18', 'https://wutheringlab.com/wp-content/uploads/Sword18.webp', 4),
(39, 'Lunar Cutter', 'https://wutheringlab.com/wp-content/uploads/Lunar-Cutter.webp', 4),
(40, 'Lumingloss', 'https://wutheringlab.com/wp-content/uploads/Lumingloss.webp', 4),
(41, 'Variation', 'https://wutheringlab.com/wp-content/uploads/Variation.webp', 4),
(42, 'Rectifier25', 'https://wutheringlab.com/wp-content/uploads/Rectifier25.webp', 4),
(43, 'Jinzhou Keeper', 'https://wutheringlab.com/wp-content/uploads/Jinzhou-Keeper.webp', 4),
(44, 'Comet Flare', 'https://wutheringlab.com/wp-content/uploads/Comet-Flare.webp', 4),
(45, 'Augment', 'https://wutheringlab.com/wp-content/uploads/Augment.webp', 4),
(46, 'Discord', 'https://wutheringlab.com/wp-content/uploads/Discord.webp', 4),
(47, 'Hollow Mirage', 'https://wutheringlab.com/wp-content/uploads/Hollow-Mirage.webp', 4),
(48, 'Stonard', 'https://wutheringlab.com/wp-content/uploads/Stonard.webp', 4),
(49, 'Gauntlets21D', 'https://wutheringlab.com/wp-content/uploads/Gauntlets21D.webp', 4),
(50, 'Amity Accord', 'https://wutheringlab.com/wp-content/uploads/Amity-Accord.webp', 4),
(51, 'Marcato', 'https://wutheringlab.com/wp-content/uploads/Marcato.webp', 4),
(52, 'Pistols26', 'https://wutheringlab.com/wp-content/uploads/Pistols26.webp', 4),
(53, 'Thunderbolt', 'https://wutheringlab.com/wp-content/uploads/Thunderbolt.webp', 4),
(54, 'Novaburst', 'https://wutheringlab.com/wp-content/uploads/Novaburst.webp', 4),
(55, 'Undying Flame', 'https://wutheringlab.com/wp-content/uploads/Undying-Flame.webp', 4),
(56, 'Cadenza', 'https://wutheringlab.com/wp-content/uploads/Cadenza.webp', 4),
(57, 'Autumntrace', 'https://wutheringlab.com/wp-content/uploads/Autumntrace.webp', 4),
(58, 'Helios Cleaver', 'https://wutheringlab.com/wp-content/uploads/Helios-Cleaver.webp', 4),
(59, 'Dauntless Evernight', 'https://wutheringlab.com/wp-content/uploads/Dauntless-Evernight.webp', 4),
(60, 'Broadblade41', 'https://wutheringlab.com/wp-content/uploads/Broadblade41.webp', 4),
(61, 'Defier\'s Thorn', 'https://wutheringlab.com/wp-content/uploads/Defier-s-Thorn.webp', 5),
(62, 'Wildfire Mark', 'https://wutheringlab.com/wp-content/uploads/Wildfire-Mark.webp', 5),
(63, 'Woodland Aria', 'https://wutheringlab.com/wp-content/uploads//Woodland-Aria.png', 5),
(64, 'Blazing Justice', 'https://wutheringlab.com/wp-content/uploads/Blazing-Justice.webp', 5),
(65, 'Bloodpact\'s Pledge', 'https://wutheringlab.com/wp-content/uploads/Bloodpacts-Pledge-1.webp', 5),
(66, 'Whispers of Sirens', 'https://wutheringlab.com/wp-content/uploads/Whispers-of-Sirens.webp', 5),
(67, 'Luminous Hymn', 'https://wutheringlab.com/wp-content/uploads//Luminous-Hymn.png', 5),
(68, 'Unflickering Valor', 'https://wutheringlab.com/wp-content/uploads//Unflickering-Valor.png', 5),
(69, 'The Last Dance', 'https://wutheringlab.com/wp-content/uploads//The-Last-Dance.png', 5),
(70, 'Tragicomedy', 'https://wutheringlab.com/wp-content/uploads//Tragicomedy.png', 5),
(71, 'Red Spring', 'https://wutheringlab.com/wp-content/uploads/Red-Spring.webp', 5),
(72, 'Stellar Symphony', 'https://wutheringlab.com/wp-content/uploads/Stellar-Symphony.webp', 5),
(73, 'Verity\'s Handle', 'https://wutheringlab.com/wp-content/uploads/Veritys-Handle.webp', 5),
(74, 'Rime-Draped Sprouts', 'https://wutheringlab.com/wp-content/uploads//Rime-Draped-Sprouts.png', 5),
(75, 'Ages of Harvest', 'https://wutheringlab.com/wp-content/uploads/Ages-of-Harvest.webp', 5),
(76, 'Blazing Brilliance', 'https://wutheringlab.com/wp-content/uploads/Blazing-Brilliance.webp', 5),
(77, 'Stringmaster', 'https://wutheringlab.com/wp-content/uploads/Stringmaster.webp', 5),
(78, 'Verdant Summit', 'https://wutheringlab.com/wp-content/uploads/Verdant-Summit.webp', 5),
(79, 'Cosmic Ripples', 'https://wutheringlab.com/wp-content/uploads/Cosmic-Ripples.webp', 5),
(80, 'Abyss Surges', 'https://wutheringlab.com/wp-content/uploads/Abyss-Surges.webp', 5),
(81, 'Static Mist', 'https://wutheringlab.com/wp-content/uploads/Static-Mist.webp', 5),
(82, 'Emerald of Genesis', 'https://wutheringlab.com/wp-content/uploads/Emerald-of-Genesis.webp', 5),
(83, 'Lustrous Razor', 'https://wutheringlab.com/wp-content/uploads/Lustrous_Razor.webp', 5);

--
-- Index pour les tables déchargées
--

--
-- Index pour la table `boosted_items`
--
ALTER TABLE `boosted_items`
  ADD PRIMARY KEY (`portal_id`,`character_id`,`weapon_id`),
  ADD KEY `weapon_id` (`weapon_id`);

--
-- Index pour la table `Character`
--
ALTER TABLE `Character`
  ADD PRIMARY KEY (`id`);

--
-- Index pour la table `portals`
--
ALTER TABLE `portals`
  ADD PRIMARY KEY (`id`);

--
-- Index pour la table `pulls`
--
ALTER TABLE `pulls`
  ADD PRIMARY KEY (`id`),
  ADD KEY `portal_id` (`portal_id`);

--
-- Index pour la table `pull_history`
--
ALTER TABLE `pull_history`
  ADD PRIMARY KEY (`id`),
  ADD KEY `user_id` (`user_id`),
  ADD KEY `character_id` (`character_id`),
  ADD KEY `weapon_id` (`weapon_id`),
  ADD KEY `portal_id` (`portal_id`);

--
-- Index pour la table `users`
--
ALTER TABLE `users`
  ADD PRIMARY KEY (`id`),
  ADD UNIQUE KEY `username` (`username`);

--
-- Index pour la table `weapon`
--
ALTER TABLE `weapon`
  ADD PRIMARY KEY (`id`);

--
-- AUTO_INCREMENT pour les tables déchargées
--

--
-- AUTO_INCREMENT pour la table `Character`
--
ALTER TABLE `Character`
  MODIFY `id` int(11) NOT NULL AUTO_INCREMENT, AUTO_INCREMENT=36;

--
-- AUTO_INCREMENT pour la table `portals`
--
ALTER TABLE `portals`
  MODIFY `id` int(11) NOT NULL AUTO_INCREMENT, AUTO_INCREMENT=33;

--
-- AUTO_INCREMENT pour la table `pulls`
--
ALTER TABLE `pulls`
  MODIFY `id` int(11) NOT NULL AUTO_INCREMENT, AUTO_INCREMENT=10;

--
-- AUTO_INCREMENT pour la table `pull_history`
--
ALTER TABLE `pull_history`
  MODIFY `id` int(11) NOT NULL AUTO_INCREMENT, AUTO_INCREMENT=1907;

--
-- AUTO_INCREMENT pour la table `users`
--
ALTER TABLE `users`
  MODIFY `id` int(11) NOT NULL AUTO_INCREMENT, AUTO_INCREMENT=2;

--
-- AUTO_INCREMENT pour la table `weapon`
--
ALTER TABLE `weapon`
  MODIFY `id` int(11) NOT NULL AUTO_INCREMENT, AUTO_INCREMENT=84;

--
-- Contraintes pour les tables déchargées
--

--
-- Contraintes pour la table `boosted_items`
--
ALTER TABLE `boosted_items`
  ADD CONSTRAINT `boosted_items_ibfk_1` FOREIGN KEY (`portal_id`) REFERENCES `portals` (`id`) ON DELETE CASCADE,
  ADD CONSTRAINT `boosted_items_ibfk_2` FOREIGN KEY (`character_id`) REFERENCES `Character` (`id`) ON DELETE CASCADE,
  ADD CONSTRAINT `boosted_items_ibfk_3` FOREIGN KEY (`weapon_id`) REFERENCES `weapon` (`id`) ON DELETE CASCADE;

--
-- Contraintes pour la table `pulls`
--
ALTER TABLE `pulls`
  ADD CONSTRAINT `pulls_ibfk_1` FOREIGN KEY (`portal_id`) REFERENCES `portals` (`id`);

--
-- Contraintes pour la table `pull_history`
--
ALTER TABLE `pull_history`
  ADD CONSTRAINT `pull_history_ibfk_1` FOREIGN KEY (`user_id`) REFERENCES `users` (`id`),
  ADD CONSTRAINT `pull_history_ibfk_2` FOREIGN KEY (`character_id`) REFERENCES `Character` (`id`),
  ADD CONSTRAINT `pull_history_ibfk_3` FOREIGN KEY (`weapon_id`) REFERENCES `weapon` (`id`),
  ADD CONSTRAINT `pull_history_ibfk_4` FOREIGN KEY (`portal_id`) REFERENCES `portals` (`id`);
COMMIT;

/*!40101 SET CHARACTER_SET_CLIENT=@OLD_CHARACTER_SET_CLIENT */;
/*!40101 SET CHARACTER_SET_RESULTS=@OLD_CHARACTER_SET_RESULTS */;
/*!40101 SET COLLATION_CONNECTION=@OLD_COLLATION_CONNECTION */;
